# Gene Family	C1_Abundance-RPKs
UNMAPPED	74518.0
UNGROUPED	60652.33
UNGROUPED|g__Alloprevotella.s__Alloprevotella_tannerae	4565.478
UNGROUPED|g__Campylobacter.s__Campylobacter_showae	2176.39
UNGROUPED|g__Catonella.s__Catonella_morbi	1886.769
UNGROUPED|g__Eikenella.s__Eikenella_corrodens	1595.3
UNGROUPED|g__Filifactor.s__Filifactor_alocis	1049.466
UNGROUPED|g__Fusobacterium.s__Fusobacterium_nucleatum	22622.425
UNGROUPED|g__Gemella.s__Gemella_morbillorum	2915.379
UNGROUPED|g__Parvimonas.s__Parvimonas_micra	1060.615
UNGROUPED|g__Prevotella.s__Prevotella_nigrescens	8913.367
UNGROUPED|g__Solobacterium.s__Solobacterium_moorei	1380.283
UNGROUPED|unclassified	12486.859
K00012	5.199
K00012|g__Campylobacter.s__Campylobacter_showae	1.724
K00012|g__Prevotella.s__Prevotella_nigrescens	3.475
K00014	19.886
K00014|g__Fusobacterium.s__Fusobacterium_nucleatum	19.886
K00016	19.837
K00016|g__Fusobacterium.s__Fusobacterium_nucleatum	19.837
K00018	9.667
K00018|unclassified	9.667
K00027	3.27
K00027|g__Fusobacterium.s__Fusobacterium_nucleatum	3.27
K00029	9.863
K00029|unclassified	9.863
K00052	1.03
K00052|g__Eikenella.s__Eikenella_corrodens	1.03
K00057	27.901
K00057|g__Filifactor.s__Filifactor_alocis	2.21
K00057|g__Fusobacterium.s__Fusobacterium_nucleatum	6.553
K00057|g__Prevotella.s__Prevotella_nigrescens	9.781
K00057|unclassified	9.357
K00058	27.637
K00058|g__Filifactor.s__Filifactor_alocis	4.684
K00058|g__Fusobacterium.s__Fusobacterium_nucleatum	9.238
K00058|g__Prevotella.s__Prevotella_nigrescens	6.075
K00058|unclassified	7.641
K00059	18.899
K00059|g__Filifactor.s__Filifactor_alocis	6.265
K00059|g__Fusobacterium.s__Fusobacterium_nucleatum	6.452
K00059|g__Prevotella.s__Prevotella_nigrescens	6.182
K00067	25.772
K00067|g__Fusobacterium.s__Fusobacterium_nucleatum	23.387
K00067|g__Prevotella.s__Prevotella_nigrescens	2.385
K00074	4.052
K00074|g__Fusobacterium.s__Fusobacterium_nucleatum	4.052
K00075	17.138
K00075|g__Filifactor.s__Filifactor_alocis	2.392
K00075|g__Fusobacterium.s__Fusobacterium_nucleatum	14.745
K00076	1.458
K00076|g__Campylobacter.s__Campylobacter_showae	1.458
K00088	4.399
K00088|g__Filifactor.s__Filifactor_alocis	4.399
K00097	16.163
K00097|g__Fusobacterium.s__Fusobacterium_nucleatum	11.123
K00097|g__Prevotella.s__Prevotella_nigrescens	5.039
K00099	15.886
K00099|g__Fusobacterium.s__Fusobacterium_nucleatum	13.991
K00099|g__Prevotella.s__Prevotella_nigrescens	1.896
K00100	14.763
K00100|g__Fusobacterium.s__Fusobacterium_nucleatum	14.763
K00101	9.558
K00101|unclassified	9.558
K00104	6.777
K00104|g__Fusobacterium.s__Fusobacterium_nucleatum	6.777
K00111	5.869
K00111|g__Fusobacterium.s__Fusobacterium_nucleatum	5.869
K00131	12.98
K00131|unclassified	12.98
K00133	11.505
K00133|unclassified	11.505
K00134	14.72
K00134|g__Campylobacter.s__Campylobacter_showae	2.187
K00134|g__Prevotella.s__Prevotella_nigrescens	2.174
K00134|unclassified	10.36
K00156	9.344
K00156|unclassified	9.344
K00162	9.743
K00162|unclassified	9.743
K00175	10.987
K00175|g__Prevotella.s__Prevotella_nigrescens	10.987
K00208	10.477
K00208|g__Prevotella.s__Prevotella_nigrescens	10.477
K00215	4.224
K00215|g__Filifactor.s__Filifactor_alocis	4.224
K00239	15.459
K00239|unclassified	15.459
K00240	10.671
K00240|g__Prevotella.s__Prevotella_nigrescens	10.671
K00243	18.724
K00243|g__Fusobacterium.s__Fusobacterium_nucleatum	16.086
K00243|g__Prevotella.s__Prevotella_nigrescens	2.639
K00245	1.613
K00245|g__Campylobacter.s__Campylobacter_showae	1.613
K00248	16.251
K00248|g__Fusobacterium.s__Fusobacterium_nucleatum	16.251
K00260	9.25
K00260|g__Fusobacterium.s__Fusobacterium_nucleatum	9.25
K00262	4.785
K00262|g__Campylobacter.s__Campylobacter_showae	3.177
K00262|g__Prevotella.s__Prevotella_nigrescens	1.608
K00278	15.203
K00278|g__Fusobacterium.s__Fusobacterium_nucleatum	12.534
K00278|g__Prevotella.s__Prevotella_nigrescens	2.668
K00282	3.223
K00282|g__Prevotella.s__Prevotella_nigrescens	3.223
K00283	4.351
K00283|g__Prevotella.s__Prevotella_nigrescens	4.351
K00287	7.582
K00287|g__Fusobacterium.s__Fusobacterium_nucleatum	7.582
K00290	0.897
K00290|g__Campylobacter.s__Campylobacter_showae	0.897
K00297	10.43
K00297|g__Fusobacterium.s__Fusobacterium_nucleatum	10.43
K00318	7.847
K00318|unclassified	7.847
K00331	2.692
K00331|g__Prevotella.s__Prevotella_nigrescens	2.692
K00338	4.608
K00338|g__Prevotella.s__Prevotella_nigrescens	4.608
K00342	4.38
K00342|g__Prevotella.s__Prevotella_nigrescens	4.38
K00347	6.813
K00347|unclassified	6.813
K00349	31.472
K00349|g__Prevotella.s__Prevotella_nigrescens	3.774
K00349|unclassified	27.698
K00351	6.25
K00351|unclassified	6.25
K00382	10.948
K00382|g__Filifactor.s__Filifactor_alocis	1.413
K00382|unclassified	9.535
K00384	53.635
K00384|g__Filifactor.s__Filifactor_alocis	2.367
K00384|g__Fusobacterium.s__Fusobacterium_nucleatum	51.268
K00385	20.508
K00385|g__Fusobacterium.s__Fusobacterium_nucleatum	20.508
K00425	2.786
K00425|g__Prevotella.s__Prevotella_nigrescens	2.786
K00426	10.0
K00426|unclassified	10.0
K00432	27.041
K00432|g__Filifactor.s__Filifactor_alocis	4.95
K00432|g__Fusobacterium.s__Fusobacterium_nucleatum	22.09
K00459	4.766
K00459|g__Fusobacterium.s__Fusobacterium_nucleatum	4.766
K00525	13.572
K00525|unclassified	13.572
K00526	27.51
K00526|g__Filifactor.s__Filifactor_alocis	3.168
K00526|g__Fusobacterium.s__Fusobacterium_nucleatum	19.184
K00526|unclassified	5.159
K00527	10.24
K00527|unclassified	10.24
K00528	2.954
K00528|g__Eikenella.s__Eikenella_corrodens	2.954
K00537	11.407
K00537|g__Fusobacterium.s__Fusobacterium_nucleatum	11.407
K00548	1.159
K00548|g__Fusobacterium.s__Fusobacterium_nucleatum	1.159
K00554	13.308
K00554|g__Fusobacterium.s__Fusobacterium_nucleatum	8.091
K00554|g__Prevotella.s__Prevotella_nigrescens	5.217
K00558	1.946
K00558|g__Filifactor.s__Filifactor_alocis	1.946
K00560	25.222
K00560|g__Fusobacterium.s__Fusobacterium_nucleatum	15.11
K00560|unclassified	10.112
K00566	39.717
K00566|g__Fusobacterium.s__Fusobacterium_nucleatum	39.717
K00571	17.036
K00571|unclassified	17.036
K00600	2.567
K00600|g__Campylobacter.s__Campylobacter_showae	0.873
K00600|g__Prevotella.s__Prevotella_nigrescens	1.693
K00602	22.471
K00602|g__Eikenella.s__Eikenella_corrodens	1.348
K00602|g__Fusobacterium.s__Fusobacterium_nucleatum	15.547
K00602|g__Prevotella.s__Prevotella_nigrescens	5.576
K00603	6.391
K00603|g__Fusobacterium.s__Fusobacterium_nucleatum	6.391
K00604	6.705
K00604|g__Fusobacterium.s__Fusobacterium_nucleatum	2.371
K00604|g__Prevotella.s__Prevotella_nigrescens	4.334
K00605	6.035
K00605|g__Prevotella.s__Prevotella_nigrescens	6.035
K00609	33.119
K00609|g__Filifactor.s__Filifactor_alocis	4.094
K00609|g__Fusobacterium.s__Fusobacterium_nucleatum	29.025
K00615	39.272
K00615|g__Filifactor.s__Filifactor_alocis	11.803
K00615|g__Fusobacterium.s__Fusobacterium_nucleatum	19.668
K00615|unclassified	7.802
K00620	3.549
K00620|g__Filifactor.s__Filifactor_alocis	3.549
K00625	6.63
K00625|g__Fusobacterium.s__Fusobacterium_nucleatum	6.63
K00627	6.952
K00627|unclassified	6.952
K00639	10.586
K00639|unclassified	10.586
K00645	34.651
K00645|g__Fusobacterium.s__Fusobacterium_nucleatum	27.574
K00645|unclassified	7.077
K00647	12.67
K00647|unclassified	12.67
K00648	22.624
K00648|g__Fusobacterium.s__Fusobacterium_nucleatum	12.401
K00648|g__Prevotella.s__Prevotella_nigrescens	1.087
K00648|unclassified	9.136
K00652	13.489
K00652|g__Fusobacterium.s__Fusobacterium_nucleatum	13.489
K00674	5.72
K00674|unclassified	5.72
K00677	9.207
K00677|unclassified	9.207
K00680	3.247
K00680|g__Fusobacterium.s__Fusobacterium_nucleatum	3.247
K00681	1.256
K00681|g__Fusobacterium.s__Fusobacterium_nucleatum	1.256
K00700	10.389
K00700|g__Fusobacterium.s__Fusobacterium_nucleatum	10.389
K00703	22.025
K00703|g__Fusobacterium.s__Fusobacterium_nucleatum	15.552
K00703|unclassified	6.472
K00705	3.519
K00705|g__Fusobacterium.s__Fusobacterium_nucleatum	3.519
K00720	16.979
K00720|g__Fusobacterium.s__Fusobacterium_nucleatum	16.979
K00721	1.546
K00721|g__Prevotella.s__Prevotella_nigrescens	1.546
K00748	11.192
K00748|g__Fusobacterium.s__Fusobacterium_nucleatum	9.269
K00748|g__Prevotella.s__Prevotella_nigrescens	1.923
K00759	7.264
K00759|g__Fusobacterium.s__Fusobacterium_nucleatum	7.264
K00761	5.652
K00761|g__Fusobacterium.s__Fusobacterium_nucleatum	5.652
K00762	34.447
K00762|g__Fusobacterium.s__Fusobacterium_nucleatum	32.646
K00762|g__Prevotella.s__Prevotella_nigrescens	1.802
K00763	7.136
K00763|g__Prevotella.s__Prevotella_nigrescens	7.136
K00764	26.043
K00764|g__Fusobacterium.s__Fusobacterium_nucleatum	13.633
K00764|unclassified	12.411
K00767	3.902
K00767|g__Filifactor.s__Filifactor_alocis	1.325
K00767|g__Prevotella.s__Prevotella_nigrescens	2.577
K00768	12.435
K00768|g__Fusobacterium.s__Fusobacterium_nucleatum	12.435
K00773	21.812
K00773|g__Filifactor.s__Filifactor_alocis	1.957
K00773|g__Fusobacterium.s__Fusobacterium_nucleatum	6.814
K00773|g__Prevotella.s__Prevotella_nigrescens	4.83
K00773|unclassified	8.211
K00783	17.821
K00783|g__Filifactor.s__Filifactor_alocis	12.386
K00783|g__Fusobacterium.s__Fusobacterium_nucleatum	5.435
K00784	2.454
K00784|g__Prevotella.s__Prevotella_nigrescens	2.454
K00788	7.667
K00788|g__Fusobacterium.s__Fusobacterium_nucleatum	5.726
K00788|g__Prevotella.s__Prevotella_nigrescens	1.942
K00789	21.744
K00789|g__Filifactor.s__Filifactor_alocis	5.561
K00789|g__Fusobacterium.s__Fusobacterium_nucleatum	16.183
K00790	11.092
K00790|g__Fusobacterium.s__Fusobacterium_nucleatum	11.092
K00791	12.307
K00791|g__Fusobacterium.s__Fusobacterium_nucleatum	3.695
K00791|g__Prevotella.s__Prevotella_nigrescens	8.613
K00793	16.52
K00793|g__Fusobacterium.s__Fusobacterium_nucleatum	12.567
K00793|g__Prevotella.s__Prevotella_nigrescens	3.953
K00794	27.489
K00794|g__Filifactor.s__Filifactor_alocis	8.152
K00794|g__Fusobacterium.s__Fusobacterium_nucleatum	19.337
K00796	24.552
K00796|g__Fusobacterium.s__Fusobacterium_nucleatum	24.552
K00800	12.06
K00800|g__Fusobacterium.s__Fusobacterium_nucleatum	5.133
K00800|g__Prevotella.s__Prevotella_nigrescens	6.927
K00805	23.75
K00805|g__Fusobacterium.s__Fusobacterium_nucleatum	23.75
K00806	18.164
K00806|g__Fusobacterium.s__Fusobacterium_nucleatum	11.804
K00806|g__Prevotella.s__Prevotella_nigrescens	6.359
K00812	11.861
K00812|g__Filifactor.s__Filifactor_alocis	5.484
K00812|g__Fusobacterium.s__Fusobacterium_nucleatum	6.377
K00820	15.57
K00820|g__Fusobacterium.s__Fusobacterium_nucleatum	11.001
K00820|g__Prevotella.s__Prevotella_nigrescens	4.57
K00826	2.188
K00826|g__Prevotella.s__Prevotella_nigrescens	2.188
K00831	19.228
K00831|g__Prevotella.s__Prevotella_nigrescens	13.386
K00831|unclassified	5.842
K00833	12.893
K00833|g__Fusobacterium.s__Fusobacterium_nucleatum	12.893
K00837	12.801
K00837|g__Fusobacterium.s__Fusobacterium_nucleatum	12.801
K00845	16.476
K00845|g__Fusobacterium.s__Fusobacterium_nucleatum	16.476
K00847	16.904
K00847|g__Prevotella.s__Prevotella_nigrescens	5.057
K00847|unclassified	11.847
K00849	19.595
K00849|g__Fusobacterium.s__Fusobacterium_nucleatum	19.595
K00850	12.647
K00850|g__Filifactor.s__Filifactor_alocis	2.317
K00850|g__Fusobacterium.s__Fusobacterium_nucleatum	10.33
K00852	2.5
K00852|g__Filifactor.s__Filifactor_alocis	2.5
K00857	18.861
K00857|g__Filifactor.s__Filifactor_alocis	8.147
K00857|unclassified	10.714
K00858	15.592
K00858|g__Filifactor.s__Filifactor_alocis	2.841
K00858|g__Fusobacterium.s__Fusobacterium_nucleatum	12.751
K00859	4.228
K00859|g__Fusobacterium.s__Fusobacterium_nucleatum	4.228
K00864	13.624
K00864|g__Fusobacterium.s__Fusobacterium_nucleatum	13.624
K00873	1.213
K00873|g__Filifactor.s__Filifactor_alocis	1.213
K00876	2.616
K00876|g__Filifactor.s__Filifactor_alocis	2.616
K00878	1.464
K00878|g__Gemella.s__Gemella_morbillorum	1.464
K00882	15.529
K00882|g__Fusobacterium.s__Fusobacterium_nucleatum	15.529
K00891	11.933
K00891|g__Fusobacterium.s__Fusobacterium_nucleatum	11.933
K00912	4.42
K00912|g__Fusobacterium.s__Fusobacterium_nucleatum	4.42
K00919	17.831
K00919|g__Fusobacterium.s__Fusobacterium_nucleatum	17.831
K00925	16.408
K00925|g__Fusobacterium.s__Fusobacterium_nucleatum	16.408
K00926	2.401
K00926|g__Filifactor.s__Filifactor_alocis	2.401
K00927	18.048
K00927|g__Filifactor.s__Filifactor_alocis	1.833
K00927|g__Fusobacterium.s__Fusobacterium_nucleatum	13.608
K00927|g__Prevotella.s__Prevotella_nigrescens	2.606
K00928	0.853
K00928|g__Filifactor.s__Filifactor_alocis	0.853
K00930	1.279
K00930|g__Filifactor.s__Filifactor_alocis	1.279
K00931	1.963
K00931|g__Filifactor.s__Filifactor_alocis	1.963
K00936	9.154
K00936|unclassified	9.154
K00937	9.657
K00937|unclassified	9.657
K00939	17.014
K00939|g__Fusobacterium.s__Fusobacterium_nucleatum	17.014
K00941	26.804
K00941|g__Fusobacterium.s__Fusobacterium_nucleatum	17.345
K00941|g__Prevotella.s__Prevotella_nigrescens	9.459
K00942	26.201
K00942|g__Fusobacterium.s__Fusobacterium_nucleatum	26.201
K00943	10.275
K00943|g__Fusobacterium.s__Fusobacterium_nucleatum	10.275
K00945	16.292
K00945|g__Fusobacterium.s__Fusobacterium_nucleatum	5.357
K00945|unclassified	10.935
K00946	8.828
K00946|unclassified	8.828
K00948	14.101
K00948|g__Fusobacterium.s__Fusobacterium_nucleatum	14.101
K00949	5.329
K00949|g__Filifactor.s__Filifactor_alocis	5.329
K00951	10.679
K00951|g__Filifactor.s__Filifactor_alocis	1.903
K00951|unclassified	8.776
K00954	5.076
K00954|g__Fusobacterium.s__Fusobacterium_nucleatum	5.076
K00956	7.475
K00956|unclassified	7.475
K00957	15.028
K00957|unclassified	15.028
K00962	17.426
K00962|g__Filifactor.s__Filifactor_alocis	0.961
K00962|g__Fusobacterium.s__Fusobacterium_nucleatum	16.465
K00963	3.755
K00963|g__Fusobacterium.s__Fusobacterium_nucleatum	3.755
K00965	13.984
K00965|g__Fusobacterium.s__Fusobacterium_nucleatum	13.984
K00969	18.329
K00969|g__Filifactor.s__Filifactor_alocis	1.919
K00969|g__Fusobacterium.s__Fusobacterium_nucleatum	16.41
K00971	8.661
K00971|unclassified	8.661
K00973	6.369
K00973|g__Prevotella.s__Prevotella_nigrescens	6.369
K00974	6.393
K00974|g__Filifactor.s__Filifactor_alocis	1.619
K00974|g__Fusobacterium.s__Fusobacterium_nucleatum	4.774
K00975	36.051
K00975|g__Fusobacterium.s__Fusobacterium_nucleatum	36.051
K00979	15.672
K00979|g__Fusobacterium.s__Fusobacterium_nucleatum	15.672
K00980	8.219
K00980|g__Fusobacterium.s__Fusobacterium_nucleatum	8.219
K00981	12.716
K00981|g__Fusobacterium.s__Fusobacterium_nucleatum	7.488
K00981|g__Prevotella.s__Prevotella_nigrescens	5.229
K00986	1.053
K00986|g__Fusobacterium.s__Fusobacterium_nucleatum	1.053
K00991	21.599
K00991|g__Fusobacterium.s__Fusobacterium_nucleatum	18.373
K00991|g__Prevotella.s__Prevotella_nigrescens	3.226
K00995	38.601
K00995|g__Filifactor.s__Filifactor_alocis	4.739
K00995|g__Fusobacterium.s__Fusobacterium_nucleatum	33.862
K01000	12.694
K01000|g__Fusobacterium.s__Fusobacterium_nucleatum	10.142
K01000|g__Prevotella.s__Prevotella_nigrescens	2.553
K01007	3.376
K01007|g__Filifactor.s__Filifactor_alocis	3.376
K01012	19.191
K01012|g__Filifactor.s__Filifactor_alocis	6.788
K01012|g__Fusobacterium.s__Fusobacterium_nucleatum	5.086
K01012|unclassified	7.317
K01035	17.699
K01035|g__Fusobacterium.s__Fusobacterium_nucleatum	17.699
K01039	12.735
K01039|g__Filifactor.s__Filifactor_alocis	2.342
K01039|g__Fusobacterium.s__Fusobacterium_nucleatum	10.393
K01040	8.521
K01040|g__Fusobacterium.s__Fusobacterium_nucleatum	8.521
K01056	10.544
K01056|g__Fusobacterium.s__Fusobacterium_nucleatum	4.202
K01056|g__Prevotella.s__Prevotella_nigrescens	6.342
K01069	15.267
K01069|g__Fusobacterium.s__Fusobacterium_nucleatum	15.267
K01077	9.455
K01077|unclassified	9.455
K01079	10.442
K01079|g__Prevotella.s__Prevotella_nigrescens	10.442
K01081	4.054
K01081|g__Prevotella.s__Prevotella_nigrescens	4.054
K01091	1.608
K01091|g__Filifactor.s__Filifactor_alocis	1.608
K01119	6.026
K01119|g__Prevotella.s__Prevotella_nigrescens	6.026
K01126	27.984
K01126|g__Fusobacterium.s__Fusobacterium_nucleatum	27.984
K01142	19.095
K01142|g__Fusobacterium.s__Fusobacterium_nucleatum	13.595
K01142|unclassified	5.5
K01154	2.32
K01154|g__Fusobacterium.s__Fusobacterium_nucleatum	2.32
K01159	11.192
K01159|g__Fusobacterium.s__Fusobacterium_nucleatum	8.387
K01159|unclassified	2.805
K01174	3.722
K01174|g__Filifactor.s__Filifactor_alocis	3.722
K01190	4.302
K01190|unclassified	4.302
K01206	4.766
K01206|g__Prevotella.s__Prevotella_nigrescens	4.766
K01243	3.285
K01243|g__Prevotella.s__Prevotella_nigrescens	3.285
K01255	18.6
K01255|g__Filifactor.s__Filifactor_alocis	4.391
K01255|g__Fusobacterium.s__Fusobacterium_nucleatum	14.21
K01258	27.696
K01258|g__Fusobacterium.s__Fusobacterium_nucleatum	10.536
K01258|g__Prevotella.s__Prevotella_nigrescens	6.228
K01258|unclassified	10.933
K01262	22.162
K01262|g__Fusobacterium.s__Fusobacterium_nucleatum	22.162
K01265	13.926
K01265|g__Filifactor.s__Filifactor_alocis	6.154
K01265|unclassified	7.772
K01267	11.773
K01267|g__Filifactor.s__Filifactor_alocis	1.689
K01267|g__Fusobacterium.s__Fusobacterium_nucleatum	10.084
K01269	12.763
K01269|g__Fusobacterium.s__Fusobacterium_nucleatum	12.763
K01270	16.076
K01270|g__Filifactor.s__Filifactor_alocis	3.645
K01270|g__Fusobacterium.s__Fusobacterium_nucleatum	12.432
K01278	0.954
K01278|g__Prevotella.s__Prevotella_nigrescens	0.954
K01304	18.349
K01304|g__Fusobacterium.s__Fusobacterium_nucleatum	18.349
K01338	29.519
K01338|g__Filifactor.s__Filifactor_alocis	0.9
K01338|g__Fusobacterium.s__Fusobacterium_nucleatum	20.843
K01338|unclassified	7.777
K01356	17.773
K01356|g__Filifactor.s__Filifactor_alocis	1.845
K01356|g__Fusobacterium.s__Fusobacterium_nucleatum	15.928
K01358	38.592
K01358|g__Campylobacter.s__Campylobacter_showae	2.037
K01358|g__Fusobacterium.s__Fusobacterium_nucleatum	26.971
K01358|unclassified	9.585
K01409	10.763
K01409|g__Filifactor.s__Filifactor_alocis	2.124
K01409|g__Fusobacterium.s__Fusobacterium_nucleatum	8.639
K01419	2.304
K01419|g__Campylobacter.s__Campylobacter_showae	2.304
K01424	19.122
K01424|g__Filifactor.s__Filifactor_alocis	4.405
K01424|g__Prevotella.s__Prevotella_nigrescens	1.046
K01424|unclassified	13.671
K01425	19.79
K01425|g__Fusobacterium.s__Fusobacterium_nucleatum	13.465
K01425|unclassified	6.325
K01436	20.93
K01436|g__Fusobacterium.s__Fusobacterium_nucleatum	20.93
K01439	15.06
K01439|g__Fusobacterium.s__Fusobacterium_nucleatum	15.06
K01443	7.514
K01443|g__Fusobacterium.s__Fusobacterium_nucleatum	7.514
K01448	19.038
K01448|g__Filifactor.s__Filifactor_alocis	4.409
K01448|g__Fusobacterium.s__Fusobacterium_nucleatum	14.629
K01462	39.988
K01462|g__Filifactor.s__Filifactor_alocis	2.907
K01462|g__Fusobacterium.s__Fusobacterium_nucleatum	32.936
K01462|g__Prevotella.s__Prevotella_nigrescens	4.145
K01465	20.415
K01465|g__Filifactor.s__Filifactor_alocis	0.943
K01465|g__Fusobacterium.s__Fusobacterium_nucleatum	19.473
K01468	32.69
K01468|g__Fusobacterium.s__Fusobacterium_nucleatum	29.196
K01468|g__Prevotella.s__Prevotella_nigrescens	3.493
K01479	9.586
K01479|g__Fusobacterium.s__Fusobacterium_nucleatum	9.586
K01489	5.001
K01489|g__Prevotella.s__Prevotella_nigrescens	5.001
K01491	10.631
K01491|g__Fusobacterium.s__Fusobacterium_nucleatum	10.631
K01493	20.448
K01493|g__Fusobacterium.s__Fusobacterium_nucleatum	20.448
K01494	4.458
K01494|g__Campylobacter.s__Campylobacter_showae	2.169
K01494|g__Filifactor.s__Filifactor_alocis	2.288
K01495	4.049
K01495|g__Prevotella.s__Prevotella_nigrescens	4.049
K01515	4.515
K01515|g__Filifactor.s__Filifactor_alocis	4.515
K01520	23.46
K01520|g__Fusobacterium.s__Fusobacterium_nucleatum	23.46
K01524	27.305
K01524|g__Filifactor.s__Filifactor_alocis	3.134
K01524|g__Fusobacterium.s__Fusobacterium_nucleatum	14.762
K01524|unclassified	9.409
K01534	13.093
K01534|g__Filifactor.s__Filifactor_alocis	2.296
K01534|g__Fusobacterium.s__Fusobacterium_nucleatum	10.797
K01537	14.806
K01537|g__Filifactor.s__Filifactor_alocis	0.765
K01537|g__Fusobacterium.s__Fusobacterium_nucleatum	14.041
K01572	3.857
K01572|g__Filifactor.s__Filifactor_alocis	3.857
K01580	3.125
K01580|g__Fusobacterium.s__Fusobacterium_nucleatum	3.125
K01585	8.1
K01585|unclassified	8.1
K01586	8.596
K01586|unclassified	8.596
K01591	13.441
K01591|g__Filifactor.s__Filifactor_alocis	5.298
K01591|g__Fusobacterium.s__Fusobacterium_nucleatum	8.143
K01610	23.109
K01610|g__Fusobacterium.s__Fusobacterium_nucleatum	12.78
K01610|unclassified	10.329
K01613	9.073
K01613|g__Filifactor.s__Filifactor_alocis	3.927
K01613|g__Fusobacterium.s__Fusobacterium_nucleatum	2.491
K01613|unclassified	2.655
K01615	13.895
K01615|g__Filifactor.s__Filifactor_alocis	1.206
K01615|g__Fusobacterium.s__Fusobacterium_nucleatum	12.689
K01619	3.693
K01619|g__Prevotella.s__Prevotella_nigrescens	3.693
K01620	6.501
K01620|g__Fusobacterium.s__Fusobacterium_nucleatum	6.501
K01623	17.765
K01623|g__Filifactor.s__Filifactor_alocis	8.883
K01623|g__Fusobacterium.s__Fusobacterium_nucleatum	8.882
K01624	7.537
K01624|g__Eikenella.s__Eikenella_corrodens	2.066
K01624|g__Prevotella.s__Prevotella_nigrescens	5.47
K01627	18.075
K01627|g__Fusobacterium.s__Fusobacterium_nucleatum	18.075
K01628	5.184
K01628|g__Fusobacterium.s__Fusobacterium_nucleatum	5.184
K01643	10.288
K01643|g__Fusobacterium.s__Fusobacterium_nucleatum	10.288
K01646	10.332
K01646|g__Fusobacterium.s__Fusobacterium_nucleatum	10.332
K01647	5.318
K01647|unclassified	5.318
K01662	10.437
K01662|g__Filifactor.s__Filifactor_alocis	0.564
K01662|g__Fusobacterium.s__Fusobacterium_nucleatum	6.078
K01662|g__Prevotella.s__Prevotella_nigrescens	3.795
K01665	11.969
K01665|g__Fusobacterium.s__Fusobacterium_nucleatum	11.969
K01667	10.403
K01667|g__Fusobacterium.s__Fusobacterium_nucleatum	10.403
K01668	21.044
K01668|g__Fusobacterium.s__Fusobacterium_nucleatum	21.044
K01676	1.295
K01676|g__Prevotella.s__Prevotella_nigrescens	1.295
K01678	2.198
K01678|g__Prevotella.s__Prevotella_nigrescens	2.198
K01681	8.264
K01681|unclassified	8.264
K01689	25.149
K01689|g__Fusobacterium.s__Fusobacterium_nucleatum	12.431
K01689|unclassified	12.718
K01696	7.353
K01696|g__Fusobacterium.s__Fusobacterium_nucleatum	7.353
K01697	9.281
K01697|unclassified	9.281
K01698	20.951
K01698|g__Fusobacterium.s__Fusobacterium_nucleatum	11.507
K01698|unclassified	9.444
K01710	20.462
K01710|g__Prevotella.s__Prevotella_nigrescens	3.781
K01710|unclassified	16.681
K01711	2.028
K01711|g__Prevotella.s__Prevotella_nigrescens	2.028
K01714	2.468
K01714|g__Prevotella.s__Prevotella_nigrescens	2.468
K01715	7.386
K01715|g__Fusobacterium.s__Fusobacterium_nucleatum	7.386
K01719	8.39
K01719|unclassified	8.39
K01733	6.253
K01733|g__Filifactor.s__Filifactor_alocis	6.253
K01736	16.427
K01736|g__Fusobacterium.s__Fusobacterium_nucleatum	16.427
K01738	27.709
K01738|g__Filifactor.s__Filifactor_alocis	2.472
K01738|g__Fusobacterium.s__Fusobacterium_nucleatum	25.237
K01740	1.689
K01740|g__Filifactor.s__Filifactor_alocis	1.689
K01744	0.751
K01744|g__Campylobacter.s__Campylobacter_showae	0.751
K01745	21.526
K01745|g__Fusobacterium.s__Fusobacterium_nucleatum	20.072
K01745|g__Prevotella.s__Prevotella_nigrescens	1.453
K01746	16.477
K01746|g__Fusobacterium.s__Fusobacterium_nucleatum	16.477
K01749	22.324
K01749|g__Fusobacterium.s__Fusobacterium_nucleatum	22.324
K01752	15.01
K01752|g__Filifactor.s__Filifactor_alocis	2.587
K01752|g__Fusobacterium.s__Fusobacterium_nucleatum	12.422
K01753	4.894
K01753|g__Fusobacterium.s__Fusobacterium_nucleatum	4.894
K01756	18.741
K01756|g__Fusobacterium.s__Fusobacterium_nucleatum	18.741
K01761	1.813
K01761|g__Filifactor.s__Filifactor_alocis	1.813
K01770	13.059
K01770|g__Fusobacterium.s__Fusobacterium_nucleatum	7.754
K01770|g__Prevotella.s__Prevotella_nigrescens	5.305
K01775	40.17
K01775|g__Fusobacterium.s__Fusobacterium_nucleatum	40.17
K01776	18.793
K01776|g__Filifactor.s__Filifactor_alocis	2.967
K01776|g__Fusobacterium.s__Fusobacterium_nucleatum	15.825
K01783	27.221
K01783|g__Filifactor.s__Filifactor_alocis	3.571
K01783|g__Fusobacterium.s__Fusobacterium_nucleatum	23.649
K01784	14.341
K01784|g__Prevotella.s__Prevotella_nigrescens	4.264
K01784|unclassified	10.077
K01785	3.364
K01785|g__Fusobacterium.s__Fusobacterium_nucleatum	3.364
K01790	12.186
K01790|g__Fusobacterium.s__Fusobacterium_nucleatum	10.105
K01790|unclassified	2.081
K01791	9.694
K01791|g__Filifactor.s__Filifactor_alocis	1.934
K01791|g__Fusobacterium.s__Fusobacterium_nucleatum	5.837
K01791|g__Prevotella.s__Prevotella_nigrescens	1.923
K01802	13.009
K01802|g__Fusobacterium.s__Fusobacterium_nucleatum	13.009
K01803	16.766
K01803|g__Fusobacterium.s__Fusobacterium_nucleatum	16.766
K01808	14.336
K01808|g__Filifactor.s__Filifactor_alocis	2.907
K01808|g__Fusobacterium.s__Fusobacterium_nucleatum	11.429
K01809	10.772
K01809|unclassified	10.772
K01810	14.257
K01810|g__Prevotella.s__Prevotella_nigrescens	2.273
K01810|unclassified	11.984
K01834	17.036
K01834|g__Fusobacterium.s__Fusobacterium_nucleatum	17.036
K01835	19.001
K01835|g__Filifactor.s__Filifactor_alocis	3.088
K01835|g__Fusobacterium.s__Fusobacterium_nucleatum	14.696
K01835|g__Prevotella.s__Prevotella_nigrescens	1.217
K01843	6.756
K01843|g__Fusobacterium.s__Fusobacterium_nucleatum	6.756
K01844	15.1
K01844|g__Fusobacterium.s__Fusobacterium_nucleatum	15.1
K01845	16.565
K01845|g__Fusobacterium.s__Fusobacterium_nucleatum	16.565
K01846	6.37
K01846|g__Fusobacterium.s__Fusobacterium_nucleatum	3.215
K01846|g__Prevotella.s__Prevotella_nigrescens	3.155
K01858	0.828
K01858|g__Prevotella.s__Prevotella_nigrescens	0.828
K01866	20.969
K01866|g__Eikenella.s__Eikenella_corrodens	0.832
K01866|g__Filifactor.s__Filifactor_alocis	1.765
K01866|g__Fusobacterium.s__Fusobacterium_nucleatum	11.72
K01866|g__Prevotella.s__Prevotella_nigrescens	3.317
K01866|unclassified	3.335
K01867	15.843
K01867|g__Fusobacterium.s__Fusobacterium_nucleatum	7.934
K01867|g__Prevotella.s__Prevotella_nigrescens	1.946
K01867|unclassified	5.964
K01868	21.993
K01868|g__Fusobacterium.s__Fusobacterium_nucleatum	15.963
K01868|unclassified	6.03
K01869	10.874
K01869|g__Fusobacterium.s__Fusobacterium_nucleatum	10.874
K01870	24.801
K01870|g__Fusobacterium.s__Fusobacterium_nucleatum	15.907
K01870|unclassified	8.894
K01872	15.565
K01872|g__Fusobacterium.s__Fusobacterium_nucleatum	15.565
K01873	12.075
K01873|g__Fusobacterium.s__Fusobacterium_nucleatum	12.075
K01874	18.638
K01874|g__Eikenella.s__Eikenella_corrodens	1.546
K01874|g__Filifactor.s__Filifactor_alocis	1.093
K01874|g__Fusobacterium.s__Fusobacterium_nucleatum	15.999
K01875	27.477
K01875|g__Fusobacterium.s__Fusobacterium_nucleatum	12.864
K01875|g__Prevotella.s__Prevotella_nigrescens	1.681
K01875|unclassified	12.932
K01876	30.206
K01876|g__Eikenella.s__Eikenella_corrodens	1.755
K01876|g__Filifactor.s__Filifactor_alocis	2.382
K01876|g__Fusobacterium.s__Fusobacterium_nucleatum	13.086
K01876|g__Prevotella.s__Prevotella_nigrescens	4.816
K01876|unclassified	8.166
K01878	12.901
K01878|g__Fusobacterium.s__Fusobacterium_nucleatum	12.901
K01879	28.038
K01879|g__Eikenella.s__Eikenella_corrodens	0.51
K01879|g__Fusobacterium.s__Fusobacterium_nucleatum	27.528
K01880	17.121
K01880|g__Filifactor.s__Filifactor_alocis	3.096
K01880|g__Prevotella.s__Prevotella_nigrescens	4.134
K01880|unclassified	9.891
K01881	19.557
K01881|g__Fusobacterium.s__Fusobacterium_nucleatum	13.716
K01881|unclassified	5.841
K01883	18.048
K01883|g__Filifactor.s__Filifactor_alocis	1.537
K01883|g__Fusobacterium.s__Fusobacterium_nucleatum	9.084
K01883|g__Prevotella.s__Prevotella_nigrescens	2.882
K01883|unclassified	4.544
K01885	21.489
K01885|g__Fusobacterium.s__Fusobacterium_nucleatum	20.078
K01885|g__Prevotella.s__Prevotella_nigrescens	1.41
K01887	17.203
K01887|g__Filifactor.s__Filifactor_alocis	1.247
K01887|g__Fusobacterium.s__Fusobacterium_nucleatum	13.632
K01887|g__Prevotella.s__Prevotella_nigrescens	2.324
K01889	26.32
K01889|g__Filifactor.s__Filifactor_alocis	4.348
K01889|g__Fusobacterium.s__Fusobacterium_nucleatum	10.854
K01889|unclassified	11.118
K01890	20.536
K01890|g__Filifactor.s__Filifactor_alocis	0.88
K01890|g__Fusobacterium.s__Fusobacterium_nucleatum	15.234
K01890|unclassified	4.422
K01892	4.822
K01892|g__Filifactor.s__Filifactor_alocis	0.917
K01892|g__Prevotella.s__Prevotella_nigrescens	3.905
K01893	22.473
K01893|g__Filifactor.s__Filifactor_alocis	3.053
K01893|g__Fusobacterium.s__Fusobacterium_nucleatum	18.654
K01893|g__Prevotella.s__Prevotella_nigrescens	0.766
K01897	1.261
K01897|g__Prevotella.s__Prevotella_nigrescens	1.261
K01902	15.667
K01902|g__Prevotella.s__Prevotella_nigrescens	2.587
K01902|unclassified	13.08
K01910	25.584
K01910|g__Fusobacterium.s__Fusobacterium_nucleatum	25.584
K01911	4.233
K01911|g__Prevotella.s__Prevotella_nigrescens	4.233
K01914	5.619
K01914|g__Filifactor.s__Filifactor_alocis	1.094
K01914|g__Fusobacterium.s__Fusobacterium_nucleatum	4.525
K01915	12.186
K01915|g__Filifactor.s__Filifactor_alocis	3.297
K01915|unclassified	8.889
K01916	24.46
K01916|g__Filifactor.s__Filifactor_alocis	1.538
K01916|g__Fusobacterium.s__Fusobacterium_nucleatum	14.773
K01916|unclassified	8.148
K01921	35.365
K01921|g__Filifactor.s__Filifactor_alocis	4.158
K01921|g__Fusobacterium.s__Fusobacterium_nucleatum	24.852
K01921|unclassified	6.355
K01923	22.783
K01923|g__Filifactor.s__Filifactor_alocis	3.425
K01923|g__Fusobacterium.s__Fusobacterium_nucleatum	14.658
K01923|g__Prevotella.s__Prevotella_nigrescens	4.7
K01924	18.78
K01924|g__Filifactor.s__Filifactor_alocis	3.971
K01924|g__Fusobacterium.s__Fusobacterium_nucleatum	14.809
K01925	11.487
K01925|g__Filifactor.s__Filifactor_alocis	1.6
K01925|g__Fusobacterium.s__Fusobacterium_nucleatum	9.887
K01928	12.364
K01928|g__Filifactor.s__Filifactor_alocis	2.791
K01928|g__Fusobacterium.s__Fusobacterium_nucleatum	9.573
K01929	7.159
K01929|g__Filifactor.s__Filifactor_alocis	1.589
K01929|g__Fusobacterium.s__Fusobacterium_nucleatum	0.58
K01929|g__Prevotella.s__Prevotella_nigrescens	4.99
K01933	24.387
K01933|g__Filifactor.s__Filifactor_alocis	2.112
K01933|g__Fusobacterium.s__Fusobacterium_nucleatum	18.451
K01933|g__Prevotella.s__Prevotella_nigrescens	3.824
K01934	4.515
K01934|g__Fusobacterium.s__Fusobacterium_nucleatum	4.515
K01935	7.143
K01935|g__Fusobacterium.s__Fusobacterium_nucleatum	7.143
K01937	4.655
K01937|g__Filifactor.s__Filifactor_alocis	3.329
K01937|g__Prevotella.s__Prevotella_nigrescens	1.326
K01938	32.432
K01938|g__Filifactor.s__Filifactor_alocis	2.532
K01938|g__Fusobacterium.s__Fusobacterium_nucleatum	27.359
K01938|g__Prevotella.s__Prevotella_nigrescens	2.541
K01939	20.374
K01939|g__Fusobacterium.s__Fusobacterium_nucleatum	20.374
K01945	15.661
K01945|g__Fusobacterium.s__Fusobacterium_nucleatum	6.774
K01945|unclassified	8.887
K01951	23.616
K01951|g__Filifactor.s__Filifactor_alocis	2.094
K01951|g__Fusobacterium.s__Fusobacterium_nucleatum	18.748
K01951|g__Prevotella.s__Prevotella_nigrescens	2.774
K01952	1.442
K01952|g__Filifactor.s__Filifactor_alocis	1.442
K01955	9.224
K01955|unclassified	9.224
K01956	19.468
K01956|g__Fusobacterium.s__Fusobacterium_nucleatum	13.327
K01956|g__Prevotella.s__Prevotella_nigrescens	6.141
K01960	4.773
K01960|g__Prevotella.s__Prevotella_nigrescens	4.773
K01961	13.214
K01961|g__Campylobacter.s__Campylobacter_showae	1.623
K01961|g__Filifactor.s__Filifactor_alocis	1.577
K01961|unclassified	10.013
K01962	21.254
K01962|g__Filifactor.s__Filifactor_alocis	2.358
K01962|g__Fusobacterium.s__Fusobacterium_nucleatum	18.896
K01963	19.629
K01963|g__Fusobacterium.s__Fusobacterium_nucleatum	19.629
K01972	15.603
K01972|g__Filifactor.s__Filifactor_alocis	1.049
K01972|g__Fusobacterium.s__Fusobacterium_nucleatum	14.554
K01990	21.688
K01990|g__Filifactor.s__Filifactor_alocis	9.834
K01990|g__Gemella.s__Gemella_morbillorum	6.359
K01990|g__Prevotella.s__Prevotella_nigrescens	5.495
K01996	19.544
K01996|g__Fusobacterium.s__Fusobacterium_nucleatum	19.544
K01997	13.936
K01997|g__Fusobacterium.s__Fusobacterium_nucleatum	13.936
K02003	24.3
K02003|g__Filifactor.s__Filifactor_alocis	6.734
K02003|g__Fusobacterium.s__Fusobacterium_nucleatum	17.566
K02004	6.92
K02004|g__Filifactor.s__Filifactor_alocis	6.92
K02005	2.586
K02005|g__Filifactor.s__Filifactor_alocis	2.586
K02009	15.432
K02009|g__Fusobacterium.s__Fusobacterium_nucleatum	15.432
K02010	8.864
K02010|g__Fusobacterium.s__Fusobacterium_nucleatum	8.864
K02012	17.724
K02012|g__Fusobacterium.s__Fusobacterium_nucleatum	17.724
K02013	22.513
K02013|g__Fusobacterium.s__Fusobacterium_nucleatum	19.223
K02013|g__Prevotella.s__Prevotella_nigrescens	3.289
K02014	1.058
K02014|g__Fusobacterium.s__Fusobacterium_nucleatum	1.058
K02015	23.419
K02015|g__Fusobacterium.s__Fusobacterium_nucleatum	23.419
K02016	4.224
K02016|g__Prevotella.s__Prevotella_nigrescens	4.224
K02020	1.661
K02020|g__Campylobacter.s__Campylobacter_showae	1.661
K02028	10.671
K02028|g__Fusobacterium.s__Fusobacterium_nucleatum	10.671
K02029	20.543
K02029|g__Filifactor.s__Filifactor_alocis	3.67
K02029|g__Fusobacterium.s__Fusobacterium_nucleatum	16.874
K02030	12.275
K02030|g__Filifactor.s__Filifactor_alocis	5.857
K02030|g__Fusobacterium.s__Fusobacterium_nucleatum	6.418
K02031	23.254
K02031|g__Fusobacterium.s__Fusobacterium_nucleatum	23.254
K02032	3.15
K02032|g__Fusobacterium.s__Fusobacterium_nucleatum	3.15
K02033	45.637
K02033|g__Fusobacterium.s__Fusobacterium_nucleatum	45.637
K02034	45.557
K02034|g__Fusobacterium.s__Fusobacterium_nucleatum	45.557
K02035	34.131
K02035|g__Filifactor.s__Filifactor_alocis	0.67
K02035|g__Fusobacterium.s__Fusobacterium_nucleatum	33.461
K02041	12.313
K02041|g__Fusobacterium.s__Fusobacterium_nucleatum	12.313
K02044	16.736
K02044|g__Fusobacterium.s__Fusobacterium_nucleatum	16.736
K02050	2.963
K02050|g__Filifactor.s__Filifactor_alocis	2.963
K02051	2.188
K02051|g__Filifactor.s__Filifactor_alocis	2.188
K02056	11.481
K02056|g__Filifactor.s__Filifactor_alocis	0.699
K02056|g__Fusobacterium.s__Fusobacterium_nucleatum	10.782
K02057	34.943
K02057|g__Filifactor.s__Filifactor_alocis	1.957
K02057|g__Fusobacterium.s__Fusobacterium_nucleatum	32.986
K02066	1.546
K02066|g__Prevotella.s__Prevotella_nigrescens	1.546
K02071	18.707
K02071|g__Fusobacterium.s__Fusobacterium_nucleatum	18.707
K02072	16.611
K02072|g__Fusobacterium.s__Fusobacterium_nucleatum	16.611
K02073	22.74
K02073|g__Filifactor.s__Filifactor_alocis	5.277
K02073|g__Fusobacterium.s__Fusobacterium_nucleatum	17.463
K02077	18.541
K02077|g__Fusobacterium.s__Fusobacterium_nucleatum	18.541
K02078	36.725
K02078|g__Fusobacterium.s__Fusobacterium_nucleatum	15.625
K02078|g__Prevotella.s__Prevotella_nigrescens	7.299
K02078|unclassified	13.801
K02106	3.132
K02106|g__Fusobacterium.s__Fusobacterium_nucleatum	3.132
K02108	15.469
K02108|g__Filifactor.s__Filifactor_alocis	1.653
K02108|g__Fusobacterium.s__Fusobacterium_nucleatum	13.816
K02109	15.306
K02109|g__Fusobacterium.s__Fusobacterium_nucleatum	15.306
K02110	39.737
K02110|g__Fusobacterium.s__Fusobacterium_nucleatum	11.765
K02110|g__Prevotella.s__Prevotella_nigrescens	27.972
K02111	17.775
K02111|g__Campylobacter.s__Campylobacter_showae	2.821
K02111|g__Filifactor.s__Filifactor_alocis	2.124
K02111|g__Fusobacterium.s__Fusobacterium_nucleatum	12.83
K02112	17.02
K02112|g__Campylobacter.s__Campylobacter_showae	1.541
K02112|g__Filifactor.s__Filifactor_alocis	1.541
K02112|g__Fusobacterium.s__Fusobacterium_nucleatum	13.938
K02113	2.123
K02113|g__Fusobacterium.s__Fusobacterium_nucleatum	2.123
K02115	27.608
K02115|g__Filifactor.s__Filifactor_alocis	2.639
K02115|g__Fusobacterium.s__Fusobacterium_nucleatum	14.686
K02115|unclassified	10.283
K02117	3.539
K02117|g__Filifactor.s__Filifactor_alocis	3.539
K02118	20.36
K02118|g__Filifactor.s__Filifactor_alocis	1.566
K02118|g__Fusobacterium.s__Fusobacterium_nucleatum	18.794
K02119	15.508
K02119|g__Fusobacterium.s__Fusobacterium_nucleatum	15.508
K02120	1.866
K02120|g__Fusobacterium.s__Fusobacterium_nucleatum	1.866
K02121	15.487
K02121|g__Fusobacterium.s__Fusobacterium_nucleatum	15.487
K02122	9.569
K02122|g__Filifactor.s__Filifactor_alocis	4.785
K02122|g__Fusobacterium.s__Fusobacterium_nucleatum	4.785
K02123	3.165
K02123|g__Filifactor.s__Filifactor_alocis	3.165
K02124	8.243
K02124|g__Filifactor.s__Filifactor_alocis	3.021
K02124|g__Fusobacterium.s__Fusobacterium_nucleatum	5.222
K02169	7.03
K02169|g__Fusobacterium.s__Fusobacterium_nucleatum	7.03
K02188	6.779
K02188|g__Fusobacterium.s__Fusobacterium_nucleatum	6.779
K02189	12.071
K02189|g__Fusobacterium.s__Fusobacterium_nucleatum	12.071
K02190	12.465
K02190|g__Fusobacterium.s__Fusobacterium_nucleatum	12.465
K02191	14.894
K02191|g__Fusobacterium.s__Fusobacterium_nucleatum	14.894
K02204	1.192
K02204|g__Fusobacterium.s__Fusobacterium_nucleatum	1.192
K02224	6.477
K02224|g__Fusobacterium.s__Fusobacterium_nucleatum	6.477
K02232	14.378
K02232|g__Fusobacterium.s__Fusobacterium_nucleatum	14.378
K02233	1.357
K02233|g__Fusobacterium.s__Fusobacterium_nucleatum	1.357
K02237	26.629
K02237|g__Filifactor.s__Filifactor_alocis	3.552
K02237|g__Fusobacterium.s__Fusobacterium_nucleatum	23.076
K02238	0.917
K02238|g__Fusobacterium.s__Fusobacterium_nucleatum	0.917
K02313	3.153
K02313|g__Filifactor.s__Filifactor_alocis	1.623
K02313|g__Prevotella.s__Prevotella_nigrescens	1.53
K02314	16.155
K02314|g__Filifactor.s__Filifactor_alocis	3.263
K02314|g__Fusobacterium.s__Fusobacterium_nucleatum	12.893
K02316	20.117
K02316|g__Filifactor.s__Filifactor_alocis	1.226
K02316|g__Fusobacterium.s__Fusobacterium_nucleatum	15.754
K02316|g__Prevotella.s__Prevotella_nigrescens	3.136
K02334	18.324
K02334|g__Fusobacterium.s__Fusobacterium_nucleatum	18.324
K02335	4.764
K02335|g__Filifactor.s__Filifactor_alocis	4.764
K02338	35.742
K02338|g__Fusobacterium.s__Fusobacterium_nucleatum	28.404
K02338|unclassified	7.339
K02340	10.794
K02340|g__Prevotella.s__Prevotella_nigrescens	10.794
K02341	24.902
K02341|g__Filifactor.s__Filifactor_alocis	1.597
K02341|g__Fusobacterium.s__Fusobacterium_nucleatum	23.305
K02342	12.126
K02342|unclassified	12.126
K02343	16.685
K02343|g__Filifactor.s__Filifactor_alocis	2.663
K02343|g__Fusobacterium.s__Fusobacterium_nucleatum	14.022
K02346	23.338
K02346|g__Fusobacterium.s__Fusobacterium_nucleatum	13.601
K02346|unclassified	9.737
K02355	26.698
K02355|g__Filifactor.s__Filifactor_alocis	1.06
K02355|g__Fusobacterium.s__Fusobacterium_nucleatum	12.598
K02355|g__Prevotella.s__Prevotella_nigrescens	2.973
K02355|unclassified	10.066
K02356	23.968
K02356|g__Eikenella.s__Eikenella_corrodens	4.338
K02356|g__Fusobacterium.s__Fusobacterium_nucleatum	10.767
K02356|unclassified	8.863
K02357	18.359
K02357|g__Filifactor.s__Filifactor_alocis	2.367
K02357|g__Fusobacterium.s__Fusobacterium_nucleatum	13.768
K02357|g__Prevotella.s__Prevotella_nigrescens	2.225
K02358	9.195
K02358|g__Eikenella.s__Eikenella_corrodens	3.687
K02358|g__Fusobacterium.s__Fusobacterium_nucleatum	1.843
K02358|g__Prevotella.s__Prevotella_nigrescens	3.666
K02361	8.678
K02361|g__Prevotella.s__Prevotella_nigrescens	8.678
K02371	19.771
K02371|g__Fusobacterium.s__Fusobacterium_nucleatum	19.771
K02372	21.444
K02372|g__Filifactor.s__Filifactor_alocis	3.04
K02372|g__Fusobacterium.s__Fusobacterium_nucleatum	18.405
K02426	15.072
K02426|g__Prevotella.s__Prevotella_nigrescens	15.072
K02428	7.262
K02428|g__Prevotella.s__Prevotella_nigrescens	2.088
K02428|unclassified	5.174
K02429	4.941
K02429|g__Prevotella.s__Prevotella_nigrescens	4.941
K02433	13.983
K02433|g__Fusobacterium.s__Fusobacterium_nucleatum	13.983
K02434	14.859
K02434|g__Fusobacterium.s__Fusobacterium_nucleatum	14.859
K02435	10.471
K02435|g__Fusobacterium.s__Fusobacterium_nucleatum	10.471
K02443	19.523
K02443|g__Fusobacterium.s__Fusobacterium_nucleatum	19.523
K02453	28.047
K02453|g__Fusobacterium.s__Fusobacterium_nucleatum	28.047
K02454	2.224
K02454|g__Filifactor.s__Filifactor_alocis	2.224
K02455	13.814
K02455|g__Fusobacterium.s__Fusobacterium_nucleatum	13.814
K02456	7.958
K02456|g__Fusobacterium.s__Fusobacterium_nucleatum	7.958
K02469	5.991
K02469|g__Filifactor.s__Filifactor_alocis	5.991
K02470	15.598
K02470|g__Filifactor.s__Filifactor_alocis	4.273
K02470|unclassified	11.325
K02477	12.841
K02477|g__Fusobacterium.s__Fusobacterium_nucleatum	12.841
K02481	23.31
K02481|g__Fusobacterium.s__Fusobacterium_nucleatum	23.31
K02483	6.993
K02483|g__Campylobacter.s__Campylobacter_showae	6.993
K02492	4.494
K02492|g__Fusobacterium.s__Fusobacterium_nucleatum	4.494
K02493	4.604
K02493|g__Filifactor.s__Filifactor_alocis	2.703
K02493|g__Fusobacterium.s__Fusobacterium_nucleatum	1.901
K02495	14.907
K02495|g__Filifactor.s__Filifactor_alocis	3.466
K02495|g__Fusobacterium.s__Fusobacterium_nucleatum	11.441
K02499	2.286
K02499|g__Filifactor.s__Filifactor_alocis	2.286
K02503	70.599
K02503|g__Fusobacterium.s__Fusobacterium_nucleatum	50.209
K02503|g__Prevotella.s__Prevotella_nigrescens	3.344
K02503|unclassified	17.045
K02518	7.286
K02518|unclassified	7.286
K02519	20.497
K02519|g__Fusobacterium.s__Fusobacterium_nucleatum	20.497
K02520	22.964
K02520|g__Fusobacterium.s__Fusobacterium_nucleatum	9.202
K02520|unclassified	13.761
K02527	20.844
K02527|g__Fusobacterium.s__Fusobacterium_nucleatum	20.844
K02528	14.113
K02528|g__Filifactor.s__Filifactor_alocis	2.626
K02528|g__Fusobacterium.s__Fusobacterium_nucleatum	8.633
K02528|g__Prevotella.s__Prevotella_nigrescens	2.853
K02529	5.58
K02529|g__Filifactor.s__Filifactor_alocis	5.58
K02535	8.109
K02535|g__Fusobacterium.s__Fusobacterium_nucleatum	8.109
K02536	22.018
K02536|g__Fusobacterium.s__Fusobacterium_nucleatum	17.767
K02536|g__Prevotella.s__Prevotella_nigrescens	4.251
K02551	5.092
K02551|g__Prevotella.s__Prevotella_nigrescens	5.092
K02557	6.138
K02557|unclassified	6.138
K02563	18.544
K02563|g__Fusobacterium.s__Fusobacterium_nucleatum	16.558
K02563|g__Prevotella.s__Prevotella_nigrescens	1.986
K02598	4.573
K02598|g__Filifactor.s__Filifactor_alocis	4.573
K02600	17.657
K02600|g__Filifactor.s__Filifactor_alocis	1.756
K02600|g__Prevotella.s__Prevotella_nigrescens	1.72
K02600|unclassified	14.181
K02601	28.538
K02601|g__Filifactor.s__Filifactor_alocis	4.484
K02601|g__Fusobacterium.s__Fusobacterium_nucleatum	12.448
K02601|unclassified	11.605
K02652	14.846
K02652|g__Fusobacterium.s__Fusobacterium_nucleatum	14.846
K02662	3.075
K02662|g__Filifactor.s__Filifactor_alocis	3.075
K02669	9.401
K02669|g__Fusobacterium.s__Fusobacterium_nucleatum	9.401
K02687	20.374
K02687|g__Filifactor.s__Filifactor_alocis	2.375
K02687|g__Fusobacterium.s__Fusobacterium_nucleatum	17.999
K02803	10.201
K02803|g__Fusobacterium.s__Fusobacterium_nucleatum	10.201
K02804	10.201
K02804|g__Fusobacterium.s__Fusobacterium_nucleatum	10.201
K02806	28.708
K02806|g__Fusobacterium.s__Fusobacterium_nucleatum	28.708
K02823	20.752
K02823|g__Filifactor.s__Filifactor_alocis	3.339
K02823|g__Fusobacterium.s__Fusobacterium_nucleatum	17.413
K02824	20.434
K02824|g__Fusobacterium.s__Fusobacterium_nucleatum	20.434
K02825	4.739
K02825|g__Fusobacterium.s__Fusobacterium_nucleatum	4.739
K02835	18.005
K02835|g__Fusobacterium.s__Fusobacterium_nucleatum	10.168
K02835|g__Prevotella.s__Prevotella_nigrescens	7.837
K02836	10.552
K02836|g__Filifactor.s__Filifactor_alocis	2.181
K02836|g__Fusobacterium.s__Fusobacterium_nucleatum	8.371
K02837	4.023
K02837|g__Eikenella.s__Eikenella_corrodens	2.662
K02837|g__Prevotella.s__Prevotella_nigrescens	1.361
K02838	29.598
K02838|g__Fusobacterium.s__Fusobacterium_nucleatum	29.598
K02843	3.229
K02843|g__Fusobacterium.s__Fusobacterium_nucleatum	3.229
K02847	3.646
K02847|g__Fusobacterium.s__Fusobacterium_nucleatum	3.646
K02851	2.124
K02851|g__Filifactor.s__Filifactor_alocis	2.124
K02860	26.101
K02860|g__Fusobacterium.s__Fusobacterium_nucleatum	21.361
K02860|g__Prevotella.s__Prevotella_nigrescens	4.739
K02863	22.478
K02863|g__Fusobacterium.s__Fusobacterium_nucleatum	13.158
K02863|g__Prevotella.s__Prevotella_nigrescens	1.686
K02863|unclassified	7.634
K02864	12.107
K02864|g__Fusobacterium.s__Fusobacterium_nucleatum	12.107
K02867	14.944
K02867|g__Fusobacterium.s__Fusobacterium_nucleatum	14.944
K02871	37.851
K02871|g__Fusobacterium.s__Fusobacterium_nucleatum	26.857
K02871|unclassified	10.994
K02874	31.276
K02874|g__Campylobacter.s__Campylobacter_showae	7.435
K02874|g__Eikenella.s__Eikenella_corrodens	3.717
K02874|g__Fusobacterium.s__Fusobacterium_nucleatum	11.152
K02874|unclassified	8.972
K02876	11.283
K02876|g__Fusobacterium.s__Fusobacterium_nucleatum	5.263
K02876|unclassified	6.02
K02878	20.77
K02878|g__Filifactor.s__Filifactor_alocis	2.933
K02878|g__Fusobacterium.s__Fusobacterium_nucleatum	17.838
K02879	13.57
K02879|g__Fusobacterium.s__Fusobacterium_nucleatum	7.968
K02879|unclassified	5.602
K02881	11.152
K02881|g__Fusobacterium.s__Fusobacterium_nucleatum	11.152
K02884	27.606
K02884|g__Fusobacterium.s__Fusobacterium_nucleatum	23.889
K02884|g__Prevotella.s__Prevotella_nigrescens	3.717
K02886	15.289
K02886|g__Campylobacter.s__Campylobacter_showae	1.366
K02886|g__Fusobacterium.s__Fusobacterium_nucleatum	11.175
K02886|g__Prevotella.s__Prevotella_nigrescens	2.747
K02887	39.794
K02887|g__Campylobacter.s__Campylobacter_showae	3.937
K02887|g__Fusobacterium.s__Fusobacterium_nucleatum	35.857
K02888	4.651
K02888|g__Fusobacterium.s__Fusobacterium_nucleatum	4.651
K02890	16.949
K02890|g__Fusobacterium.s__Fusobacterium_nucleatum	16.949
K02892	18.543
K02892|g__Fusobacterium.s__Fusobacterium_nucleatum	10.638
K02892|unclassified	7.905
K02895	31.596
K02895|g__Filifactor.s__Filifactor_alocis	4.926
K02895|g__Fusobacterium.s__Fusobacterium_nucleatum	12.397
K02895|unclassified	14.273
K02899	5.587
K02899|g__Filifactor.s__Filifactor_alocis	5.587
K02902	12.658
K02902|g__Fusobacterium.s__Fusobacterium_nucleatum	12.658
K02904	47.014
K02904|g__Filifactor.s__Filifactor_alocis	10.87
K02904|g__Fusobacterium.s__Fusobacterium_nucleatum	36.145
K02906	35.007
K02906|g__Fusobacterium.s__Fusobacterium_nucleatum	16.791
K02906|g__Prevotella.s__Prevotella_nigrescens	9.672
K02906|unclassified	8.544
K02907	39.926
K02907|g__Fusobacterium.s__Fusobacterium_nucleatum	23.256
K02907|unclassified	16.67
K02909	20.278
K02909|g__Fusobacterium.s__Fusobacterium_nucleatum	13.699
K02909|g__Prevotella.s__Prevotella_nigrescens	6.579
K02911	22.601
K02911|g__Fusobacterium.s__Fusobacterium_nucleatum	22.601
K02914	5.52
K02914|unclassified	5.52
K02916	3.177
K02916|unclassified	3.177
K02926	11.321
K02926|g__Fusobacterium.s__Fusobacterium_nucleatum	11.321
K02931	39.635
K02931|g__Fusobacterium.s__Fusobacterium_nucleatum	30.843
K02931|g__Prevotella.s__Prevotella_nigrescens	8.791
K02933	30.59
K02933|g__Fusobacterium.s__Fusobacterium_nucleatum	18.433
K02933|g__Prevotella.s__Prevotella_nigrescens	4.283
K02933|unclassified	7.874
K02935	14.637
K02935|g__Filifactor.s__Filifactor_alocis	3.521
K02935|g__Fusobacterium.s__Fusobacterium_nucleatum	7.519
K02935|g__Prevotella.s__Prevotella_nigrescens	3.597
K02939	10.966
K02939|g__Filifactor.s__Filifactor_alocis	5.764
K02939|g__Fusobacterium.s__Fusobacterium_nucleatum	5.203
K02945	19.68
K02945|g__Filifactor.s__Filifactor_alocis	1.783
K02945|g__Fusobacterium.s__Fusobacterium_nucleatum	15.51
K02945|g__Prevotella.s__Prevotella_nigrescens	2.387
K02946	8.878
K02946|g__Fusobacterium.s__Fusobacterium_nucleatum	4.717
K02946|unclassified	4.161
K02948	59.224
K02948|g__Campylobacter.s__Campylobacter_showae	3.413
K02948|g__Fusobacterium.s__Fusobacterium_nucleatum	17.241
K02948|g__Prevotella.s__Prevotella_nigrescens	10.345
K02948|unclassified	28.225
K02950	44.354
K02950|g__Campylobacter.s__Campylobacter_showae	7.519
K02950|g__Fusobacterium.s__Fusobacterium_nucleatum	36.836
K02952	35.096
K02952|g__Fusobacterium.s__Fusobacterium_nucleatum	23.331
K02952|unclassified	11.765
K02954	50.569
K02954|g__Campylobacter.s__Campylobacter_showae	11.628
K02954|g__Fusobacterium.s__Fusobacterium_nucleatum	26.596
K02954|unclassified	12.346
K02956	50.473
K02956|g__Fusobacterium.s__Fusobacterium_nucleatum	37.743
K02956|unclassified	12.73
K02959	12.195
K02959|g__Fusobacterium.s__Fusobacterium_nucleatum	12.195
K02961	45.335
K02961|g__Filifactor.s__Filifactor_alocis	6.329
K02961|g__Fusobacterium.s__Fusobacterium_nucleatum	32.895
K02961|unclassified	6.111
K02963	25.21
K02963|g__Fusobacterium.s__Fusobacterium_nucleatum	25.21
K02965	29.328
K02965|g__Fusobacterium.s__Fusobacterium_nucleatum	11.364
K02965|g__Prevotella.s__Prevotella_nigrescens	17.964
K02967	18.786
K02967|g__Filifactor.s__Filifactor_alocis	3.035
K02967|g__Fusobacterium.s__Fusobacterium_nucleatum	12.422
K02967|unclassified	3.329
K02968	23.121
K02968|g__Fusobacterium.s__Fusobacterium_nucleatum	23.121
K02970	3.321
K02970|unclassified	3.321
K02982	15.01
K02982|g__Campylobacter.s__Campylobacter_showae	9.653
K02982|g__Fusobacterium.s__Fusobacterium_nucleatum	5.357
K02986	24.018
K02986|g__Campylobacter.s__Campylobacter_showae	1.898
K02986|g__Fusobacterium.s__Fusobacterium_nucleatum	18.191
K02986|g__Prevotella.s__Prevotella_nigrescens	3.929
K02988	47.475
K02988|g__Filifactor.s__Filifactor_alocis	2.457
K02988|g__Fusobacterium.s__Fusobacterium_nucleatum	32.911
K02988|g__Prevotella.s__Prevotella_nigrescens	12.107
K02990	15.167
K02990|g__Fusobacterium.s__Fusobacterium_nucleatum	5.405
K02990|unclassified	9.761
K02992	21.563
K02992|g__Fusobacterium.s__Fusobacterium_nucleatum	21.563
K02994	3.344
K02994|g__Fusobacterium.s__Fusobacterium_nucleatum	3.344
K02996	19.846
K02996|g__Fusobacterium.s__Fusobacterium_nucleatum	19.846
K03040	14.232
K03040|g__Fusobacterium.s__Fusobacterium_nucleatum	12.063
K03040|g__Prevotella.s__Prevotella_nigrescens	2.169
K03043	27.665
K03043|g__Fusobacterium.s__Fusobacterium_nucleatum	17.07
K03043|unclassified	10.595
K03046	36.349
K03046|g__Fusobacterium.s__Fusobacterium_nucleatum	22.014
K03046|g__Prevotella.s__Prevotella_nigrescens	3.283
K03046|unclassified	11.053
K03070	25.997
K03070|g__Filifactor.s__Filifactor_alocis	1.508
K03070|g__Fusobacterium.s__Fusobacterium_nucleatum	15.776
K03070|unclassified	8.713
K03073	9.091
K03073|g__Filifactor.s__Filifactor_alocis	9.091
K03074	1.175
K03074|g__Fusobacterium.s__Fusobacterium_nucleatum	1.175
K03076	28.447
K03076|g__Fusobacterium.s__Fusobacterium_nucleatum	23.643
K03076|g__Prevotella.s__Prevotella_nigrescens	4.805
K03086	20.073
K03086|g__Filifactor.s__Filifactor_alocis	1.963
K03086|g__Fusobacterium.s__Fusobacterium_nucleatum	15.523
K03086|g__Prevotella.s__Prevotella_nigrescens	2.587
K03088	30.539
K03088|g__Filifactor.s__Filifactor_alocis	2.141
K03088|g__Fusobacterium.s__Fusobacterium_nucleatum	8.571
K03088|g__Prevotella.s__Prevotella_nigrescens	10.155
K03088|unclassified	9.671
K03090	4.155
K03090|g__Filifactor.s__Filifactor_alocis	4.155
K03091	21.359
K03091|g__Fusobacterium.s__Fusobacterium_nucleatum	21.359
K03100	6.306
K03100|g__Filifactor.s__Filifactor_alocis	2.212
K03100|g__Fusobacterium.s__Fusobacterium_nucleatum	1.314
K03100|g__Prevotella.s__Prevotella_nigrescens	2.78
K03101	15.984
K03101|g__Filifactor.s__Filifactor_alocis	10.959
K03101|g__Fusobacterium.s__Fusobacterium_nucleatum	5.025
K03106	31.702
K03106|g__Filifactor.s__Filifactor_alocis	3.175
K03106|g__Fusobacterium.s__Fusobacterium_nucleatum	14.575
K03106|g__Prevotella.s__Prevotella_nigrescens	1.596
K03106|unclassified	12.356
K03110	14.235
K03110|g__Fusobacterium.s__Fusobacterium_nucleatum	10.734
K03110|g__Prevotella.s__Prevotella_nigrescens	3.501
K03111	2.74
K03111|g__Fusobacterium.s__Fusobacterium_nucleatum	2.74
K03146	2.887
K03146|g__Prevotella.s__Prevotella_nigrescens	2.887
K03147	24.644
K03147|g__Fusobacterium.s__Fusobacterium_nucleatum	19.93
K03147|g__Prevotella.s__Prevotella_nigrescens	4.715
K03149	13.353
K03149|g__Fusobacterium.s__Fusobacterium_nucleatum	13.353
K03151	0.919
K03151|g__Filifactor.s__Filifactor_alocis	0.919
K03152	4.255
K03152|g__Prevotella.s__Prevotella_nigrescens	4.255
K03168	2.538
K03168|g__Filifactor.s__Filifactor_alocis	2.538
K03169	15.468
K03169|g__Parvimonas.s__Parvimonas_micra	1.245
K03169|g__Prevotella.s__Prevotella_nigrescens	12.356
K03169|g__Solobacterium.s__Solobacterium_moorei	1.867
K03177	21.781
K03177|g__Fusobacterium.s__Fusobacterium_nucleatum	18.491
K03177|g__Prevotella.s__Prevotella_nigrescens	3.289
K03183	3.103
K03183|unclassified	3.103
K03205	10.519
K03205|g__Filifactor.s__Filifactor_alocis	5.191
K03205|g__Gemella.s__Gemella_morbillorum	3.21
K03205|g__Parvimonas.s__Parvimonas_micra	2.119
K03210	10.811
K03210|g__Fusobacterium.s__Fusobacterium_nucleatum	10.811
K03215	20.044
K03215|g__Fusobacterium.s__Fusobacterium_nucleatum	14.826
K03215|g__Prevotella.s__Prevotella_nigrescens	5.218
K03217	28.257
K03217|g__Filifactor.s__Filifactor_alocis	3.165
K03217|g__Fusobacterium.s__Fusobacterium_nucleatum	25.093
K03218	24.604
K03218|g__Filifactor.s__Filifactor_alocis	4.769
K03218|g__Fusobacterium.s__Fusobacterium_nucleatum	19.835
K03269	13.682
K03269|unclassified	13.682
K03271	18.228
K03271|g__Fusobacterium.s__Fusobacterium_nucleatum	18.228
K03274	15.553
K03274|g__Fusobacterium.s__Fusobacterium_nucleatum	15.553
K03281	3.535
K03281|g__Prevotella.s__Prevotella_nigrescens	3.535
K03282	16.672
K03282|g__Filifactor.s__Filifactor_alocis	7.117
K03282|g__Fusobacterium.s__Fusobacterium_nucleatum	9.554
K03284	21.624
K03284|g__Fusobacterium.s__Fusobacterium_nucleatum	8.368
K03284|g__Prevotella.s__Prevotella_nigrescens	13.256
K03286	4.098
K03286|g__Fusobacterium.s__Fusobacterium_nucleatum	4.098
K03299	11.137
K03299|g__Fusobacterium.s__Fusobacterium_nucleatum	11.137
K03303	8.279
K03303|unclassified	8.279
K03305	1.402
K03305|g__Prevotella.s__Prevotella_nigrescens	1.402
K03308	10.552
K03308|g__Filifactor.s__Filifactor_alocis	3.157
K03308|g__Fusobacterium.s__Fusobacterium_nucleatum	7.395
K03310	22.28
K03310|g__Filifactor.s__Filifactor_alocis	8.969
K03310|g__Fusobacterium.s__Fusobacterium_nucleatum	13.311
K03312	0.909
K03312|g__Fusobacterium.s__Fusobacterium_nucleatum	0.909
K03313	3.664
K03313|g__Campylobacter.s__Campylobacter_showae	3.664
K03315	38.916
K03315|g__Filifactor.s__Filifactor_alocis	7.593
K03315|g__Fusobacterium.s__Fusobacterium_nucleatum	31.322
K03316	7.086
K03316|unclassified	7.086
K03324	8.15
K03324|g__Filifactor.s__Filifactor_alocis	1.318
K03324|g__Prevotella.s__Prevotella_nigrescens	6.832
K03385	8.379
K03385|unclassified	8.379
K03386	24.733
K03386|g__Fusobacterium.s__Fusobacterium_nucleatum	14.793
K03386|unclassified	9.94
K03387	1.369
K03387|g__Prevotella.s__Prevotella_nigrescens	1.369
K03394	22.339
K03394|g__Fusobacterium.s__Fusobacterium_nucleatum	22.339
K03424	13.63
K03424|g__Filifactor.s__Filifactor_alocis	3.008
K03424|g__Fusobacterium.s__Fusobacterium_nucleatum	10.622
K03426	5.857
K03426|g__Prevotella.s__Prevotella_nigrescens	5.857
K03427	1.367
K03427|g__Fusobacterium.s__Fusobacterium_nucleatum	1.367
K03429	3.972
K03429|g__Filifactor.s__Filifactor_alocis	3.972
K03431	17.474
K03431|g__Fusobacterium.s__Fusobacterium_nucleatum	17.474
K03436	10.865
K03436|g__Fusobacterium.s__Fusobacterium_nucleatum	10.865
K03437	14.757
K03437|g__Fusobacterium.s__Fusobacterium_nucleatum	14.757
K03438	47.347
K03438|g__Filifactor.s__Filifactor_alocis	2.401
K03438|g__Fusobacterium.s__Fusobacterium_nucleatum	44.946
K03439	30.014
K03439|g__Fusobacterium.s__Fusobacterium_nucleatum	20.844
K03439|unclassified	9.17
K03442	9.383
K03442|g__Fusobacterium.s__Fusobacterium_nucleatum	9.383
K03453	5.734
K03453|g__Prevotella.s__Prevotella_nigrescens	5.734
K03466	2.428
K03466|g__Filifactor.s__Filifactor_alocis	2.428
K03470	2.981
K03470|g__Filifactor.s__Filifactor_alocis	2.981
K03495	22.756
K03495|g__Eikenella.s__Eikenella_corrodens	2.215
K03495|g__Filifactor.s__Filifactor_alocis	1.673
K03495|g__Fusobacterium.s__Fusobacterium_nucleatum	18.867
K03496	20.928
K03496|g__Filifactor.s__Filifactor_alocis	5.701
K03496|g__Prevotella.s__Prevotella_nigrescens	2.994
K03496|unclassified	12.233
K03497	3.627
K03497|g__Filifactor.s__Filifactor_alocis	1.155
K03497|g__Prevotella.s__Prevotella_nigrescens	2.472
K03498	4.48
K03498|g__Filifactor.s__Filifactor_alocis	3.71
K03498|g__Fusobacterium.s__Fusobacterium_nucleatum	0.77
K03499	5.619
K03499|g__Filifactor.s__Filifactor_alocis	0.785
K03499|g__Prevotella.s__Prevotella_nigrescens	4.834
K03500	7.43
K03500|g__Filifactor.s__Filifactor_alocis	1.635
K03500|g__Fusobacterium.s__Fusobacterium_nucleatum	5.795
K03501	13.274
K03501|g__Filifactor.s__Filifactor_alocis	3.257
K03501|g__Fusobacterium.s__Fusobacterium_nucleatum	10.017
K03517	9.758
K03517|g__Filifactor.s__Filifactor_alocis	2.5
K03517|g__Fusobacterium.s__Fusobacterium_nucleatum	5.019
K03517|g__Prevotella.s__Prevotella_nigrescens	2.24
K03521	5.261
K03521|unclassified	5.261
K03522	27.956
K03522|g__Filifactor.s__Filifactor_alocis	4.472
K03522|g__Fusobacterium.s__Fusobacterium_nucleatum	11.583
K03522|g__Prevotella.s__Prevotella_nigrescens	11.901
K03523	22.045
K03523|g__Fusobacterium.s__Fusobacterium_nucleatum	22.045
K03524	23.922
K03524|g__Filifactor.s__Filifactor_alocis	2.301
K03524|g__Fusobacterium.s__Fusobacterium_nucleatum	21.62
K03525	17.884
K03525|g__Fusobacterium.s__Fusobacterium_nucleatum	17.884
K03526	15.459
K03526|g__Filifactor.s__Filifactor_alocis	2.105
K03526|g__Fusobacterium.s__Fusobacterium_nucleatum	13.353
K03527	15.51
K03527|g__Fusobacterium.s__Fusobacterium_nucleatum	15.51
K03529	12.733
K03529|g__Filifactor.s__Filifactor_alocis	0.871
K03529|g__Fusobacterium.s__Fusobacterium_nucleatum	11.862
K03530	36.872
K03530|g__Filifactor.s__Filifactor_alocis	5.495
K03530|g__Fusobacterium.s__Fusobacterium_nucleatum	18.556
K03530|g__Prevotella.s__Prevotella_nigrescens	5.682
K03530|unclassified	7.14
K03531	8.125
K03531|g__Fusobacterium.s__Fusobacterium_nucleatum	8.125
K03536	13.458
K03536|g__Fusobacterium.s__Fusobacterium_nucleatum	8.475
K03536|unclassified	4.983
K03544	27.448
K03544|g__Filifactor.s__Filifactor_alocis	4.31
K03544|g__Fusobacterium.s__Fusobacterium_nucleatum	17.907
K03544|g__Prevotella.s__Prevotella_nigrescens	5.23
K03545	16.21
K03545|g__Filifactor.s__Filifactor_alocis	3.387
K03545|g__Fusobacterium.s__Fusobacterium_nucleatum	8.356
K03545|g__Prevotella.s__Prevotella_nigrescens	4.468
K03546	0.66
K03546|g__Filifactor.s__Filifactor_alocis	0.66
K03547	1.88
K03547|g__Filifactor.s__Filifactor_alocis	1.88
K03550	14.17
K03550|g__Fusobacterium.s__Fusobacterium_nucleatum	10.309
K03550|g__Prevotella.s__Prevotella_nigrescens	3.861
K03551	20.635
K03551|g__Fusobacterium.s__Fusobacterium_nucleatum	16.357
K03551|g__Prevotella.s__Prevotella_nigrescens	4.278
K03553	11.533
K03553|g__Fusobacterium.s__Fusobacterium_nucleatum	11.533
K03555	12.099
K03555|g__Filifactor.s__Filifactor_alocis	0.796
K03555|g__Fusobacterium.s__Fusobacterium_nucleatum	11.303
K03559	1.835
K03559|unclassified	1.835
K03565	16.477
K03565|g__Filifactor.s__Filifactor_alocis	3.711
K03565|g__Fusobacterium.s__Fusobacterium_nucleatum	12.766
K03568	1.513
K03568|g__Filifactor.s__Filifactor_alocis	1.513
K03569	29.023
K03569|g__Fusobacterium.s__Fusobacterium_nucleatum	29.023
K03570	3.196
K03570|g__Filifactor.s__Filifactor_alocis	1.309
K03570|g__Fusobacterium.s__Fusobacterium_nucleatum	1.887
K03575	9.05
K03575|g__Prevotella.s__Prevotella_nigrescens	9.05
K03581	0.924
K03581|g__Filifactor.s__Filifactor_alocis	0.924
K03584	16.343
K03584|g__Fusobacterium.s__Fusobacterium_nucleatum	9.953
K03584|g__Prevotella.s__Prevotella_nigrescens	6.39
K03588	1.929
K03588|g__Filifactor.s__Filifactor_alocis	1.929
K03589	14.73
K03589|g__Fusobacterium.s__Fusobacterium_nucleatum	14.73
K03590	1.483
K03590|g__Prevotella.s__Prevotella_nigrescens	1.483
K03593	1.992
K03593|g__Prevotella.s__Prevotella_nigrescens	1.992
K03595	31.108
K03595|g__Filifactor.s__Filifactor_alocis	2.481
K03595|g__Fusobacterium.s__Fusobacterium_nucleatum	20.215
K03595|unclassified	8.412
K03596	24.082
K03596|g__Eikenella.s__Eikenella_corrodens	1.181
K03596|g__Filifactor.s__Filifactor_alocis	4.697
K03596|g__Fusobacterium.s__Fusobacterium_nucleatum	14.655
K03596|g__Prevotella.s__Prevotella_nigrescens	3.549
K03601	1.775
K03601|g__Filifactor.s__Filifactor_alocis	1.775
K03602	8.85
K03602|g__Filifactor.s__Filifactor_alocis	8.85
K03608	5.882
K03608|g__Filifactor.s__Filifactor_alocis	5.882
K03609	4.317
K03609|g__Filifactor.s__Filifactor_alocis	4.317
K03610	9.074
K03610|g__Fusobacterium.s__Fusobacterium_nucleatum	9.074
K03613	13.514
K03613|g__Fusobacterium.s__Fusobacterium_nucleatum	13.514
K03614	11.832
K03614|g__Fusobacterium.s__Fusobacterium_nucleatum	11.832
K03615	9.87
K03615|g__Fusobacterium.s__Fusobacterium_nucleatum	9.87
K03617	20.305
K03617|g__Fusobacterium.s__Fusobacterium_nucleatum	20.305
K03621	14.46
K03621|g__Filifactor.s__Filifactor_alocis	2.246
K03621|g__Fusobacterium.s__Fusobacterium_nucleatum	12.214
K03624	9.413
K03624|g__Filifactor.s__Filifactor_alocis	2.584
K03624|unclassified	6.829
K03625	5.525
K03625|g__Fusobacterium.s__Fusobacterium_nucleatum	5.525
K03628	22.209
K03628|g__Campylobacter.s__Campylobacter_showae	3.208
K03628|g__Filifactor.s__Filifactor_alocis	1.52
K03628|g__Fusobacterium.s__Fusobacterium_nucleatum	17.481
K03629	18.898
K03629|g__Filifactor.s__Filifactor_alocis	2.066
K03629|g__Fusobacterium.s__Fusobacterium_nucleatum	16.832
K03630	23.415
K03630|g__Filifactor.s__Filifactor_alocis	1.712
K03630|g__Fusobacterium.s__Fusobacterium_nucleatum	21.703
K03631	22.883
K03631|g__Filifactor.s__Filifactor_alocis	5.044
K03631|g__Fusobacterium.s__Fusobacterium_nucleatum	17.839
K03644	4.541
K03644|g__Prevotella.s__Prevotella_nigrescens	0.58
K03644|unclassified	3.961
K03648	3.442
K03648|g__Fusobacterium.s__Fusobacterium_nucleatum	3.442
K03650	22.853
K03650|g__Filifactor.s__Filifactor_alocis	3.139
K03650|g__Fusobacterium.s__Fusobacterium_nucleatum	19.714
K03653	10.83
K03653|g__Fusobacterium.s__Fusobacterium_nucleatum	10.83
K03654	16.006
K03654|g__Prevotella.s__Prevotella_nigrescens	5.333
K03654|unclassified	10.673
K03655	12.571
K03655|g__Fusobacterium.s__Fusobacterium_nucleatum	3.438
K03655|unclassified	9.133
K03657	0.962
K03657|g__Filifactor.s__Filifactor_alocis	0.962
K03660	1.264
K03660|g__Filifactor.s__Filifactor_alocis	1.264
K03664	15.664
K03664|g__Filifactor.s__Filifactor_alocis	2.786
K03664|g__Fusobacterium.s__Fusobacterium_nucleatum	5.764
K03664|unclassified	7.115
K03665	13.932
K03665|g__Filifactor.s__Filifactor_alocis	1.685
K03665|g__Fusobacterium.s__Fusobacterium_nucleatum	8.808
K03665|g__Prevotella.s__Prevotella_nigrescens	3.439
K03671	4.717
K03671|g__Fusobacterium.s__Fusobacterium_nucleatum	4.717
K03685	14.571
K03685|g__Filifactor.s__Filifactor_alocis	1.608
K03685|g__Fusobacterium.s__Fusobacterium_nucleatum	3.295
K03685|unclassified	9.669
K03686	17.691
K03686|g__Filifactor.s__Filifactor_alocis	1.94
K03686|g__Fusobacterium.s__Fusobacterium_nucleatum	13.858
K03686|g__Prevotella.s__Prevotella_nigrescens	1.893
K03687	5.933
K03687|g__Prevotella.s__Prevotella_nigrescens	5.933
K03695	16.918
K03695|g__Fusobacterium.s__Fusobacterium_nucleatum	16.918
K03699	2.463
K03699|g__Filifactor.s__Filifactor_alocis	2.463
K03702	25.521
K03702|g__Campylobacter.s__Campylobacter_showae	1.089
K03702|g__Eikenella.s__Eikenella_corrodens	1.037
K03702|g__Fusobacterium.s__Fusobacterium_nucleatum	14.226
K03702|unclassified	9.169
K03703	30.089
K03703|g__Filifactor.s__Filifactor_alocis	2.276
K03703|g__Fusobacterium.s__Fusobacterium_nucleatum	20.359
K03703|g__Prevotella.s__Prevotella_nigrescens	7.454
K03704	9.901
K03704|g__Filifactor.s__Filifactor_alocis	9.901
K03705	15.039
K03705|g__Filifactor.s__Filifactor_alocis	2.075
K03705|g__Fusobacterium.s__Fusobacterium_nucleatum	12.964
K03709	5.784
K03709|unclassified	5.784
K03711	40.196
K03711|g__Filifactor.s__Filifactor_alocis	8.749
K03711|g__Fusobacterium.s__Fusobacterium_nucleatum	27.346
K03711|unclassified	4.101
K03716	1.473
K03716|g__Fusobacterium.s__Fusobacterium_nucleatum	1.473
K03718	2.74
K03718|g__Prevotella.s__Prevotella_nigrescens	2.74
K03723	1.221
K03723|g__Filifactor.s__Filifactor_alocis	1.221
K03734	5.444
K03734|g__Fusobacterium.s__Fusobacterium_nucleatum	5.444
K03736	21.555
K03736|g__Fusobacterium.s__Fusobacterium_nucleatum	21.555
K03742	23.557
K03742|g__Filifactor.s__Filifactor_alocis	1.733
K03742|g__Fusobacterium.s__Fusobacterium_nucleatum	21.824
K03744	4.515
K03744|g__Filifactor.s__Filifactor_alocis	4.515
K03767	8.201
K03767|unclassified	8.201
K03768	17.549
K03768|g__Fusobacterium.s__Fusobacterium_nucleatum	17.549
K03771	8.326
K03771|unclassified	8.326
K03777	7.24
K03777|unclassified	7.24
K03778	1.091
K03778|g__Fusobacterium.s__Fusobacterium_nucleatum	1.091
K03783	2.77
K03783|g__Filifactor.s__Filifactor_alocis	2.77
K03784	6.579
K03784|g__Fusobacterium.s__Fusobacterium_nucleatum	6.579
K03786	14.535
K03786|g__Fusobacterium.s__Fusobacterium_nucleatum	14.535
K03796	8.224
K03796|g__Fusobacterium.s__Fusobacterium_nucleatum	8.224
K03797	3.504
K03797|g__Fusobacterium.s__Fusobacterium_nucleatum	0.814
K03797|g__Prevotella.s__Prevotella_nigrescens	2.69
K03798	1.052
K03798|g__Filifactor.s__Filifactor_alocis	1.052
K03799	1.209
K03799|g__Fusobacterium.s__Fusobacterium_nucleatum	1.209
K03801	4.62
K03801|unclassified	4.62
K03803	19.663
K03803|g__Fusobacterium.s__Fusobacterium_nucleatum	19.663
K03816	4.228
K03816|g__Prevotella.s__Prevotella_nigrescens	4.228
K03823	8.415
K03823|unclassified	8.415
K03832	8.322
K03832|g__Fusobacterium.s__Fusobacterium_nucleatum	8.322
K03839	29.951
K03839|g__Fusobacterium.s__Fusobacterium_nucleatum	19.669
K03839|g__Prevotella.s__Prevotella_nigrescens	10.283
K03841	10.08
K03841|unclassified	10.08
K03856	16.436
K03856|g__Fusobacterium.s__Fusobacterium_nucleatum	16.436
K03976	25.913
K03976|g__Filifactor.s__Filifactor_alocis	5.348
K03976|g__Fusobacterium.s__Fusobacterium_nucleatum	20.566
K03977	16.377
K03977|g__Fusobacterium.s__Fusobacterium_nucleatum	13.082
K03977|g__Prevotella.s__Prevotella_nigrescens	3.295
K03978	22.676
K03978|g__Fusobacterium.s__Fusobacterium_nucleatum	22.676
K03979	27.178
K03979|g__Filifactor.s__Filifactor_alocis	4.195
K03979|g__Fusobacterium.s__Fusobacterium_nucleatum	20.187
K03979|g__Prevotella.s__Prevotella_nigrescens	2.796
K03980	19.706
K03980|g__Fusobacterium.s__Fusobacterium_nucleatum	19.706
K04019	15.778
K04019|g__Fusobacterium.s__Fusobacterium_nucleatum	15.778
K04024	1.379
K04024|g__Fusobacterium.s__Fusobacterium_nucleatum	1.379
K04026	7.22
K04026|g__Fusobacterium.s__Fusobacterium_nucleatum	7.22
K04028	13.423
K04028|g__Fusobacterium.s__Fusobacterium_nucleatum	13.423
K04029	20.71
K04029|g__Fusobacterium.s__Fusobacterium_nucleatum	20.71
K04030	25.714
K04030|g__Fusobacterium.s__Fusobacterium_nucleatum	25.714
K04031	11.467
K04031|g__Fusobacterium.s__Fusobacterium_nucleatum	11.467
K04032	8.982
K04032|g__Fusobacterium.s__Fusobacterium_nucleatum	8.982
K04041	14.133
K04041|g__Fusobacterium.s__Fusobacterium_nucleatum	14.133
K04042	16.08
K04042|g__Fusobacterium.s__Fusobacterium_nucleatum	16.08
K04043	23.056
K04043|g__Campylobacter.s__Campylobacter_showae	1.164
K04043|g__Eikenella.s__Eikenella_corrodens	1.092
K04043|g__Fusobacterium.s__Fusobacterium_nucleatum	20.8
K04047	17.972
K04047|unclassified	17.972
K04066	0.935
K04066|g__Filifactor.s__Filifactor_alocis	0.935
K04068	32.015
K04068|g__Filifactor.s__Filifactor_alocis	4.988
K04068|g__Fusobacterium.s__Fusobacterium_nucleatum	27.027
K04075	12.78
K04075|g__Filifactor.s__Filifactor_alocis	1.537
K04075|g__Fusobacterium.s__Fusobacterium_nucleatum	11.242
K04077	27.138
K04077|g__Filifactor.s__Filifactor_alocis	2.615
K04077|g__Fusobacterium.s__Fusobacterium_nucleatum	12.5
K04077|g__Prevotella.s__Prevotella_nigrescens	3.898
K04077|unclassified	8.125
K04078	14.079
K04078|g__Prevotella.s__Prevotella_nigrescens	5.882
K04078|unclassified	8.197
K04079	15.561
K04079|g__Filifactor.s__Filifactor_alocis	2.261
K04079|g__Fusobacterium.s__Fusobacterium_nucleatum	13.3
K04083	13.089
K04083|g__Filifactor.s__Filifactor_alocis	2.535
K04083|g__Fusobacterium.s__Fusobacterium_nucleatum	10.554
K04094	22.363
K04094|g__Fusobacterium.s__Fusobacterium_nucleatum	22.363
K04096	17.155
K04096|g__Fusobacterium.s__Fusobacterium_nucleatum	17.155
K04485	38.444
K04485|g__Fusobacterium.s__Fusobacterium_nucleatum	21.088
K04485|g__Prevotella.s__Prevotella_nigrescens	1.563
K04485|unclassified	15.793
K04486	13.191
K04486|g__Filifactor.s__Filifactor_alocis	5.806
K04486|g__Fusobacterium.s__Fusobacterium_nucleatum	7.386
K04487	17.394
K04487|g__Filifactor.s__Filifactor_alocis	3.703
K04487|g__Fusobacterium.s__Fusobacterium_nucleatum	13.691
K04488	11.94
K04488|g__Filifactor.s__Filifactor_alocis	11.94
K04567	14.705
K04567|g__Campylobacter.s__Campylobacter_showae	1.416
K04567|g__Filifactor.s__Filifactor_alocis	2.098
K04567|g__Fusobacterium.s__Fusobacterium_nucleatum	9.394
K04567|g__Prevotella.s__Prevotella_nigrescens	1.796
K04720	3.512
K04720|g__Filifactor.s__Filifactor_alocis	2.028
K04720|g__Fusobacterium.s__Fusobacterium_nucleatum	1.484
K04749	11.252
K04749|g__Fusobacterium.s__Fusobacterium_nucleatum	4.032
K04749|unclassified	7.22
K04754	2.93
K04754|g__Fusobacterium.s__Fusobacterium_nucleatum	2.93
K04757	3.067
K04757|g__Filifactor.s__Filifactor_alocis	3.067
K04761	8.969
K04761|g__Prevotella.s__Prevotella_nigrescens	2.418
K04761|unclassified	6.55
K04762	9.339
K04762|g__Prevotella.s__Prevotella_nigrescens	9.339
K04763	17.039
K04763|g__Fusobacterium.s__Fusobacterium_nucleatum	13.492
K04763|g__Prevotella.s__Prevotella_nigrescens	3.547
K04773	12.98
K04773|g__Fusobacterium.s__Fusobacterium_nucleatum	12.98
K05349	8.989
K05349|unclassified	8.989
K05366	4.721
K05366|g__Filifactor.s__Filifactor_alocis	0.904
K05366|g__Fusobacterium.s__Fusobacterium_nucleatum	3.817
K05515	1.472
K05515|g__Filifactor.s__Filifactor_alocis	1.472
K05592	14.102
K05592|g__Filifactor.s__Filifactor_alocis	1.316
K05592|unclassified	12.787
K05601	17.595
K05601|g__Filifactor.s__Filifactor_alocis	2.611
K05601|g__Fusobacterium.s__Fusobacterium_nucleatum	14.984
K05807	2.725
K05807|g__Prevotella.s__Prevotella_nigrescens	2.725
K05833	10.34
K05833|g__Fusobacterium.s__Fusobacterium_nucleatum	10.34
K05837	12.961
K05837|g__Fusobacterium.s__Fusobacterium_nucleatum	12.961
K05845	17.294
K05845|g__Fusobacterium.s__Fusobacterium_nucleatum	17.294
K05846	17.294
K05846|g__Fusobacterium.s__Fusobacterium_nucleatum	17.294
K05847	17.657
K05847|g__Fusobacterium.s__Fusobacterium_nucleatum	17.657
K05896	1.597
K05896|g__Filifactor.s__Filifactor_alocis	1.597
K05934	9.207
K05934|g__Fusobacterium.s__Fusobacterium_nucleatum	9.207
K05946	3.12
K05946|g__Filifactor.s__Filifactor_alocis	3.12
K05966	5.407
K05966|g__Fusobacterium.s__Fusobacterium_nucleatum	5.407
K05967	4.425
K05967|g__Filifactor.s__Filifactor_alocis	4.425
K05985	28.88
K05985|g__Filifactor.s__Filifactor_alocis	8.969
K05985|g__Fusobacterium.s__Fusobacterium_nucleatum	19.912
K05995	13.987
K05995|g__Fusobacterium.s__Fusobacterium_nucleatum	13.987
K06001	5.225
K06001|g__Catonella.s__Catonella_morbi	2.605
K06001|g__Filifactor.s__Filifactor_alocis	2.62
K06023	12.598
K06023|g__Filifactor.s__Filifactor_alocis	1.171
K06023|g__Fusobacterium.s__Fusobacterium_nucleatum	11.427
K06024	4.175
K06024|g__Filifactor.s__Filifactor_alocis	4.175
K06042	21.746
K06042|g__Fusobacterium.s__Fusobacterium_nucleatum	21.746
K06076	3.698
K06076|g__Fusobacterium.s__Fusobacterium_nucleatum	3.698
K06131	3.704
K06131|g__Fusobacterium.s__Fusobacterium_nucleatum	3.704
K06142	12.596
K06142|g__Fusobacterium.s__Fusobacterium_nucleatum	5.348
K06142|g__Prevotella.s__Prevotella_nigrescens	7.249
K06143	12.055
K06143|g__Fusobacterium.s__Fusobacterium_nucleatum	12.055
K06147	76.781
K06147|g__Alloprevotella.s__Alloprevotella_tannerae	1.229
K06147|g__Filifactor.s__Filifactor_alocis	4.848
K06147|g__Fusobacterium.s__Fusobacterium_nucleatum	19.762
K06147|g__Gemella.s__Gemella_morbillorum	9.735
K06147|g__Prevotella.s__Prevotella_nigrescens	31.855
K06147|unclassified	9.351
K06153	22.406
K06153|g__Fusobacterium.s__Fusobacterium_nucleatum	21.009
K06153|g__Prevotella.s__Prevotella_nigrescens	1.397
K06158	1.07
K06158|g__Prevotella.s__Prevotella_nigrescens	1.07
K06168	14.777
K06168|g__Eikenella.s__Eikenella_corrodens	0.816
K06168|g__Fusobacterium.s__Fusobacterium_nucleatum	12.417
K06168|g__Prevotella.s__Prevotella_nigrescens	1.544
K06173	14.012
K06173|g__Filifactor.s__Filifactor_alocis	1.575
K06173|g__Fusobacterium.s__Fusobacterium_nucleatum	12.437
K06178	8.264
K06178|g__Fusobacterium.s__Fusobacterium_nucleatum	8.264
K06179	1.284
K06179|g__Fusobacterium.s__Fusobacterium_nucleatum	1.284
K06180	54.105
K06180|g__Filifactor.s__Filifactor_alocis	5.019
K06180|g__Fusobacterium.s__Fusobacterium_nucleatum	31.225
K06180|g__Prevotella.s__Prevotella_nigrescens	12.735
K06180|unclassified	5.126
K06187	10.121
K06187|g__Fusobacterium.s__Fusobacterium_nucleatum	10.121
K06188	6.547
K06188|g__Campylobacter.s__Campylobacter_showae	6.547
K06196	3.61
K06196|g__Fusobacterium.s__Fusobacterium_nucleatum	3.61
K06207	2.319
K06207|g__Filifactor.s__Filifactor_alocis	1.144
K06207|g__Prevotella.s__Prevotella_nigrescens	1.174
K06209	14.257
K06209|g__Filifactor.s__Filifactor_alocis	5.97
K06209|g__Fusobacterium.s__Fusobacterium_nucleatum	8.287
K06213	19.295
K06213|g__Filifactor.s__Filifactor_alocis	2.285
K06213|g__Fusobacterium.s__Fusobacterium_nucleatum	17.01
K06215	22.88
K06215|g__Fusobacterium.s__Fusobacterium_nucleatum	22.88
K06217	7.867
K06217|g__Filifactor.s__Filifactor_alocis	5.543
K06217|g__Prevotella.s__Prevotella_nigrescens	2.324
K06218	5.682
K06218|g__Fusobacterium.s__Fusobacterium_nucleatum	5.682
K06381	1.537
K06381|g__Filifactor.s__Filifactor_alocis	1.537
K06409	0.651
K06409|g__Filifactor.s__Filifactor_alocis	0.651
K06412	32.549
K06412|g__Filifactor.s__Filifactor_alocis	5.076
K06412|g__Fusobacterium.s__Fusobacterium_nucleatum	27.473
K06442	2.78
K06442|g__Filifactor.s__Filifactor_alocis	2.78
K06861	1.272
K06861|g__Prevotella.s__Prevotella_nigrescens	1.272
K06867	5.247
K06867|g__Fusobacterium.s__Fusobacterium_nucleatum	5.247
K06871	10.31
K06871|g__Filifactor.s__Filifactor_alocis	1.552
K06871|g__Prevotella.s__Prevotella_nigrescens	8.758
K06881	15.044
K06881|g__Filifactor.s__Filifactor_alocis	4.651
K06881|g__Fusobacterium.s__Fusobacterium_nucleatum	10.393
K06885	16.553
K06885|g__Fusobacterium.s__Fusobacterium_nucleatum	10.309
K06885|g__Prevotella.s__Prevotella_nigrescens	6.244
K06889	9.615
K06889|g__Fusobacterium.s__Fusobacterium_nucleatum	9.615
K06895	15.267
K06895|g__Fusobacterium.s__Fusobacterium_nucleatum	15.267
K06897	5.489
K06897|g__Filifactor.s__Filifactor_alocis	5.489
K06901	50.122
K06901|g__Fusobacterium.s__Fusobacterium_nucleatum	50.122
K06921	15.462
K06921|g__Fusobacterium.s__Fusobacterium_nucleatum	15.462
K06925	29.045
K06925|g__Fusobacterium.s__Fusobacterium_nucleatum	16.575
K06925|g__Prevotella.s__Prevotella_nigrescens	6.431
K06925|unclassified	6.04
K06926	13.758
K06926|g__Fusobacterium.s__Fusobacterium_nucleatum	13.758
K06941	21.997
K06941|g__Fusobacterium.s__Fusobacterium_nucleatum	10.235
K06941|unclassified	11.762
K06942	20.067
K06942|g__Eikenella.s__Eikenella_corrodens	1.008
K06942|g__Fusobacterium.s__Fusobacterium_nucleatum	15.075
K06942|g__Prevotella.s__Prevotella_nigrescens	3.983
K06949	15.517
K06949|g__Fusobacterium.s__Fusobacterium_nucleatum	14.334
K06949|g__Prevotella.s__Prevotella_nigrescens	1.183
K06958	19.503
K06958|g__Filifactor.s__Filifactor_alocis	6.546
K06958|g__Fusobacterium.s__Fusobacterium_nucleatum	12.957
K06959	28.414
K06959|g__Filifactor.s__Filifactor_alocis	0.972
K06959|g__Fusobacterium.s__Fusobacterium_nucleatum	18.829
K06959|unclassified	8.613
K06966	4.175
K06966|g__Fusobacterium.s__Fusobacterium_nucleatum	4.175
K06969	19.02
K06969|g__Filifactor.s__Filifactor_alocis	5.256
K06969|g__Fusobacterium.s__Fusobacterium_nucleatum	10.166
K06969|g__Prevotella.s__Prevotella_nigrescens	3.597
K06975	5.587
K06975|g__Filifactor.s__Filifactor_alocis	5.587
K06997	3.373
K06997|g__Filifactor.s__Filifactor_alocis	3.373
K07000	3.348
K07000|g__Prevotella.s__Prevotella_nigrescens	3.348
K07003	2.969
K07003|g__Filifactor.s__Filifactor_alocis	2.969
K07010	4.785
K07010|g__Fusobacterium.s__Fusobacterium_nucleatum	4.785
K07012	10.647
K07012|g__Filifactor.s__Filifactor_alocis	0.803
K07012|g__Fusobacterium.s__Fusobacterium_nucleatum	9.844
K07024	7.166
K07024|g__Fusobacterium.s__Fusobacterium_nucleatum	7.166
K07027	2.139
K07027|g__Filifactor.s__Filifactor_alocis	2.139
K07030	25.415
K07030|g__Fusobacterium.s__Fusobacterium_nucleatum	25.415
K07032	6.689
K07032|g__Fusobacterium.s__Fusobacterium_nucleatum	6.689
K07035	9.769
K07035|g__Fusobacterium.s__Fusobacterium_nucleatum	9.769
K07042	10.283
K07042|g__Fusobacterium.s__Fusobacterium_nucleatum	10.283
K07045	7.098
K07045|g__Fusobacterium.s__Fusobacterium_nucleatum	7.098
K07047	13.428
K07047|g__Fusobacterium.s__Fusobacterium_nucleatum	13.428
K07052	20.809
K07052|g__Filifactor.s__Filifactor_alocis	1.786
K07052|g__Fusobacterium.s__Fusobacterium_nucleatum	7.34
K07052|unclassified	11.684
K07056	18.1
K07056|g__Fusobacterium.s__Fusobacterium_nucleatum	18.1
K07067	7.365
K07067|g__Fusobacterium.s__Fusobacterium_nucleatum	7.365
K07082	2.188
K07082|g__Filifactor.s__Filifactor_alocis	2.188
K07084	2.467
K07084|g__Fusobacterium.s__Fusobacterium_nucleatum	2.467
K07085	12.887
K07085|g__Fusobacterium.s__Fusobacterium_nucleatum	12.887
K07088	48.681
K07088|g__Fusobacterium.s__Fusobacterium_nucleatum	48.681
K07090	1.504
K07090|g__Fusobacterium.s__Fusobacterium_nucleatum	1.504
K07095	5.313
K07095|g__Fusobacterium.s__Fusobacterium_nucleatum	5.313
K07105	19.602
K07105|g__Fusobacterium.s__Fusobacterium_nucleatum	19.602
K07124	16.795
K07124|g__Fusobacterium.s__Fusobacterium_nucleatum	16.795
K07127	8.108
K07127|unclassified	8.108
K07133	8.279
K07133|g__Fusobacterium.s__Fusobacterium_nucleatum	8.279
K07137	12.078
K07137|g__Filifactor.s__Filifactor_alocis	1.3
K07137|g__Fusobacterium.s__Fusobacterium_nucleatum	8.086
K07137|g__Prevotella.s__Prevotella_nigrescens	2.691
K07139	18.491
K07139|g__Filifactor.s__Filifactor_alocis	2.392
K07139|g__Fusobacterium.s__Fusobacterium_nucleatum	11.043
K07139|g__Prevotella.s__Prevotella_nigrescens	5.055
K07154	1.885
K07154|g__Fusobacterium.s__Fusobacterium_nucleatum	1.885
K07160	31.026
K07160|g__Fusobacterium.s__Fusobacterium_nucleatum	31.026
K07164	1.695
K07164|g__Filifactor.s__Filifactor_alocis	1.695
K07173	31.899
K07173|g__Fusobacterium.s__Fusobacterium_nucleatum	18.421
K07173|unclassified	13.478
K07213	9.091
K07213|g__Filifactor.s__Filifactor_alocis	9.091
K07230	8.862
K07230|g__Filifactor.s__Filifactor_alocis	1.845
K07230|g__Fusobacterium.s__Fusobacterium_nucleatum	7.017
K07240	28.365
K07240|g__Fusobacterium.s__Fusobacterium_nucleatum	19.962
K07240|g__Prevotella.s__Prevotella_nigrescens	8.403
K07271	4.05
K07271|g__Fusobacterium.s__Fusobacterium_nucleatum	1.433
K07271|g__Prevotella.s__Prevotella_nigrescens	2.618
K07274	1.56
K07274|g__Fusobacterium.s__Fusobacterium_nucleatum	1.56
K07316	9.842
K07316|g__Fusobacterium.s__Fusobacterium_nucleatum	9.842
K07322	2.332
K07322|g__Prevotella.s__Prevotella_nigrescens	2.332
K07334	16.949
K07334|g__Fusobacterium.s__Fusobacterium_nucleatum	16.949
K07335	1.974
K07335|g__Filifactor.s__Filifactor_alocis	1.974
K07391	12.501
K07391|g__Filifactor.s__Filifactor_alocis	1.404
K07391|g__Fusobacterium.s__Fusobacterium_nucleatum	11.096
K07444	10.224
K07444|g__Filifactor.s__Filifactor_alocis	3.77
K07444|g__Prevotella.s__Prevotella_nigrescens	6.454
K07447	18.432
K07447|g__Fusobacterium.s__Fusobacterium_nucleatum	18.432
K07456	15.18
K07456|g__Filifactor.s__Filifactor_alocis	1.769
K07456|g__Fusobacterium.s__Fusobacterium_nucleatum	13.411
K07457	6.09
K07457|unclassified	6.09
K07460	4.032
K07460|g__Filifactor.s__Filifactor_alocis	4.032
K07462	13.804
K07462|g__Filifactor.s__Filifactor_alocis	1.81
K07462|g__Fusobacterium.s__Fusobacterium_nucleatum	10.803
K07462|g__Prevotella.s__Prevotella_nigrescens	1.191
K07464	8.751
K07464|g__Filifactor.s__Filifactor_alocis	3.61
K07464|g__Fusobacterium.s__Fusobacterium_nucleatum	5.141
K07478	11.541
K07478|g__Fusobacterium.s__Fusobacterium_nucleatum	11.541
K07481	12.477
K07481|g__Alloprevotella.s__Alloprevotella_tannerae	8.088
K07481|g__Eikenella.s__Eikenella_corrodens	4.39
K07486	1.859
K07486|g__Fusobacterium.s__Fusobacterium_nucleatum	1.859
K07487	0.727
K07487|g__Fusobacterium.s__Fusobacterium_nucleatum	0.727
K07491	5.391
K07491|g__Filifactor.s__Filifactor_alocis	5.391
K07496	20.914
K07496|g__Fusobacterium.s__Fusobacterium_nucleatum	20.914
K07497	2.736
K07497|g__Fusobacterium.s__Fusobacterium_nucleatum	2.736
K07559	6.818
K07559|g__Fusobacterium.s__Fusobacterium_nucleatum	6.818
K07560	25.345
K07560|g__Filifactor.s__Filifactor_alocis	2.857
K07560|g__Fusobacterium.s__Fusobacterium_nucleatum	19.655
K07560|g__Prevotella.s__Prevotella_nigrescens	2.833
K07566	9.56
K07566|unclassified	9.56
K07568	19.194
K07568|g__Filifactor.s__Filifactor_alocis	2.167
K07568|g__Fusobacterium.s__Fusobacterium_nucleatum	17.027
K07570	6.174
K07570|g__Filifactor.s__Filifactor_alocis	6.174
K07574	5.319
K07574|g__Filifactor.s__Filifactor_alocis	5.319
K07584	8.584
K07584|g__Filifactor.s__Filifactor_alocis	8.584
K07636	1.381
K07636|g__Prevotella.s__Prevotella_nigrescens	1.381
K07652	2.341
K07652|g__Filifactor.s__Filifactor_alocis	2.341
K07668	3.256
K07668|g__Filifactor.s__Filifactor_alocis	3.256
K07712	18.514
K07712|g__Fusobacterium.s__Fusobacterium_nucleatum	18.514
K07718	23.939
K07718|g__Filifactor.s__Filifactor_alocis	4.696
K07718|g__Fusobacterium.s__Fusobacterium_nucleatum	19.243
K07738	17.143
K07738|g__Fusobacterium.s__Fusobacterium_nucleatum	17.143
K07791	2.465
K07791|g__Prevotella.s__Prevotella_nigrescens	2.465
K07793	11.538
K07793|g__Fusobacterium.s__Fusobacterium_nucleatum	11.538
K07816	3.359
K07816|g__Filifactor.s__Filifactor_alocis	3.359
K08218	12.71
K08218|g__Prevotella.s__Prevotella_nigrescens	12.71
K08301	13.261
K08301|g__Filifactor.s__Filifactor_alocis	3.192
K08301|g__Fusobacterium.s__Fusobacterium_nucleatum	0.783
K08301|g__Prevotella.s__Prevotella_nigrescens	0.679
K08301|unclassified	8.607
K08303	18.677
K08303|g__Filifactor.s__Filifactor_alocis	1.817
K08303|g__Fusobacterium.s__Fusobacterium_nucleatum	16.859
K08309	2.421
K08309|g__Filifactor.s__Filifactor_alocis	2.421
K08384	0.874
K08384|g__Filifactor.s__Filifactor_alocis	0.874
K08483	20.89
K08483|g__Fusobacterium.s__Fusobacterium_nucleatum	20.89
K08591	10.309
K08591|g__Fusobacterium.s__Fusobacterium_nucleatum	10.309
K08884	5.002
K08884|g__Filifactor.s__Filifactor_alocis	5.002
K08963	2.105
K08963|g__Fusobacterium.s__Fusobacterium_nucleatum	2.105
K08972	7.874
K08972|g__Filifactor.s__Filifactor_alocis	7.874
K08974	4.38
K08974|g__Fusobacterium.s__Fusobacterium_nucleatum	4.38
K08978	6.261
K08978|g__Fusobacterium.s__Fusobacterium_nucleatum	6.261
K09013	11.559
K09013|g__Prevotella.s__Prevotella_nigrescens	3.063
K09013|unclassified	8.497
K09014	14.984
K09014|g__Prevotella.s__Prevotella_nigrescens	5.944
K09014|unclassified	9.04
K09015	20.608
K09015|g__Prevotella.s__Prevotella_nigrescens	5.628
K09015|unclassified	14.979
K09022	19.199
K09022|g__Fusobacterium.s__Fusobacterium_nucleatum	10.453
K09022|unclassified	8.746
K09117	11.628
K09117|g__Filifactor.s__Filifactor_alocis	11.628
K09118	0.744
K09118|g__Filifactor.s__Filifactor_alocis	0.744
K09458	2.634
K09458|g__Filifactor.s__Filifactor_alocis	2.634
K09680	1.379
K09680|g__Prevotella.s__Prevotella_nigrescens	1.379
K09685	2.703
K09685|g__Filifactor.s__Filifactor_alocis	2.703
K09698	2.877
K09698|g__Filifactor.s__Filifactor_alocis	2.877
K09710	17.744
K09710|unclassified	17.744
K09729	23.196
K09729|g__Fusobacterium.s__Fusobacterium_nucleatum	23.196
K09748	32.345
K09748|g__Fusobacterium.s__Fusobacterium_nucleatum	32.345
K09760	1.667
K09760|g__Prevotella.s__Prevotella_nigrescens	1.667
K09761	8.108
K09761|g__Fusobacterium.s__Fusobacterium_nucleatum	8.108
K09765	19.731
K09765|g__Filifactor.s__Filifactor_alocis	3.373
K09765|g__Fusobacterium.s__Fusobacterium_nucleatum	1.748
K09765|unclassified	14.61
K09769	26.012
K09769|g__Fusobacterium.s__Fusobacterium_nucleatum	26.012
K09772	8.475
K09772|g__Fusobacterium.s__Fusobacterium_nucleatum	8.475
K09787	32.063
K09787|g__Filifactor.s__Filifactor_alocis	3.891
K09787|g__Fusobacterium.s__Fusobacterium_nucleatum	28.172
K09789	2.037
K09789|g__Fusobacterium.s__Fusobacterium_nucleatum	2.037
K09802	15.228
K09802|g__Fusobacterium.s__Fusobacterium_nucleatum	15.228
K09808	10.28
K09808|g__Fusobacterium.s__Fusobacterium_nucleatum	10.28
K09809	1.88
K09809|g__Fusobacterium.s__Fusobacterium_nucleatum	1.88
K09810	41.14
K09810|g__Fusobacterium.s__Fusobacterium_nucleatum	17.194
K09810|g__Prevotella.s__Prevotella_nigrescens	6.917
K09810|unclassified	17.028
K09815	6.18
K09815|g__Fusobacterium.s__Fusobacterium_nucleatum	6.18
K09816	6.248
K09816|g__Fusobacterium.s__Fusobacterium_nucleatum	6.248
K09817	1.698
K09817|g__Filifactor.s__Filifactor_alocis	1.698
K09888	10.309
K09888|g__Prevotella.s__Prevotella_nigrescens	10.309
K09903	29.432
K09903|g__Fusobacterium.s__Fusobacterium_nucleatum	16.129
K09903|g__Prevotella.s__Prevotella_nigrescens	6.523
K09903|unclassified	6.78
K09910	6.088
K09910|unclassified	6.088
K09935	2.227
K09935|g__Fusobacterium.s__Fusobacterium_nucleatum	2.227
K09951	10.811
K09951|g__Fusobacterium.s__Fusobacterium_nucleatum	10.811
K09952	0.499
K09952|g__Filifactor.s__Filifactor_alocis	0.499
K10439	1.218
K10439|g__Filifactor.s__Filifactor_alocis	1.218
K10441	4.316
K10441|g__Filifactor.s__Filifactor_alocis	4.316
K10540	14.039
K10540|g__Fusobacterium.s__Fusobacterium_nucleatum	14.039
K10542	9.26
K10542|g__Fusobacterium.s__Fusobacterium_nucleatum	9.26
K10773	14.641
K10773|g__Fusobacterium.s__Fusobacterium_nucleatum	7.421
K10773|g__Prevotella.s__Prevotella_nigrescens	7.22
K10823	10.183
K10823|g__Filifactor.s__Filifactor_alocis	1.12
K10823|g__Fusobacterium.s__Fusobacterium_nucleatum	9.063
K11003	3.369
K11003|g__Filifactor.s__Filifactor_alocis	3.369
K11004	3.408
K11004|g__Filifactor.s__Filifactor_alocis	3.408
K11068	12.774
K11068|g__Fusobacterium.s__Fusobacterium_nucleatum	12.774
K11069	12.837
K11069|g__Filifactor.s__Filifactor_alocis	2.073
K11069|g__Fusobacterium.s__Fusobacterium_nucleatum	10.764
K11070	10.151
K11070|g__Fusobacterium.s__Fusobacterium_nucleatum	10.151
K11072	15.627
K11072|g__Filifactor.s__Filifactor_alocis	2.092
K11072|g__Fusobacterium.s__Fusobacterium_nucleatum	13.535
K11085	20.231
K11085|g__Fusobacterium.s__Fusobacterium_nucleatum	15.123
K11085|g__Prevotella.s__Prevotella_nigrescens	5.108
K11105	0.674
K11105|g__Fusobacterium.s__Fusobacterium_nucleatum	0.674
K11145	17.194
K11145|g__Fusobacterium.s__Fusobacterium_nucleatum	17.194
K11175	4.472
K11175|g__Filifactor.s__Filifactor_alocis	2.288
K11175|g__Fusobacterium.s__Fusobacterium_nucleatum	2.183
K11189	11.765
K11189|g__Fusobacterium.s__Fusobacterium_nucleatum	11.765
K11690	3.422
K11690|g__Filifactor.s__Filifactor_alocis	3.422
K11708	13.422
K11708|g__Filifactor.s__Filifactor_alocis	1.188
K11708|g__Fusobacterium.s__Fusobacterium_nucleatum	12.234
K11709	19.4
K11709|g__Filifactor.s__Filifactor_alocis	1.963
K11709|g__Fusobacterium.s__Fusobacterium_nucleatum	17.437
K11710	13.409
K11710|g__Filifactor.s__Filifactor_alocis	3.135
K11710|g__Fusobacterium.s__Fusobacterium_nucleatum	10.274
K11717	1.765
K11717|g__Filifactor.s__Filifactor_alocis	1.765
K11749	15.191
K11749|g__Filifactor.s__Filifactor_alocis	2.146
K11749|g__Fusobacterium.s__Fusobacterium_nucleatum	13.045
K11752	6.029
K11752|g__Filifactor.s__Filifactor_alocis	6.029
K11753	4.651
K11753|g__Fusobacterium.s__Fusobacterium_nucleatum	4.651
K11754	6.612
K11754|g__Filifactor.s__Filifactor_alocis	6.612
K12257	0.979
K12257|g__Filifactor.s__Filifactor_alocis	0.979
K12308	11.681
K12308|unclassified	11.681
K12410	3.15
K12410|g__Filifactor.s__Filifactor_alocis	3.15
K12960	5.055
K12960|g__Filifactor.s__Filifactor_alocis	5.055
K13038	8.038
K13038|g__Fusobacterium.s__Fusobacterium_nucleatum	8.038
K13280	0.959
K13280|g__Filifactor.s__Filifactor_alocis	0.959
K13292	3.063
K13292|g__Filifactor.s__Filifactor_alocis	3.063
K13378	2.711
K13378|g__Prevotella.s__Prevotella_nigrescens	2.711
K13542	14.708
K13542|g__Fusobacterium.s__Fusobacterium_nucleatum	14.708
K13653	9.428
K13653|g__Fusobacterium.s__Fusobacterium_nucleatum	9.428
K13789	14.072
K13789|g__Filifactor.s__Filifactor_alocis	1.264
K13789|g__Fusobacterium.s__Fusobacterium_nucleatum	12.808
K13940	9.609
K13940|g__Fusobacterium.s__Fusobacterium_nucleatum	9.609
K13990	1.87
K13990|g__Prevotella.s__Prevotella_nigrescens	1.87
K13993	9.646
K13993|g__Prevotella.s__Prevotella_nigrescens	9.646
K14155	17.443
K14155|g__Fusobacterium.s__Fusobacterium_nucleatum	17.443
K14392	12.544
K14392|g__Fusobacterium.s__Fusobacterium_nucleatum	12.544
K14441	9.579
K14441|g__Filifactor.s__Filifactor_alocis	1.602
K14441|g__Prevotella.s__Prevotella_nigrescens	1.664
K14441|unclassified	6.313
K14445	4.383
K14445|g__Prevotella.s__Prevotella_nigrescens	4.383
K14540	8.998
K14540|g__Fusobacterium.s__Fusobacterium_nucleatum	8.998
K14652	1.803
K14652|g__Prevotella.s__Prevotella_nigrescens	1.803
K14742	6.815
K14742|g__Filifactor.s__Filifactor_alocis	3.442
K14742|g__Prevotella.s__Prevotella_nigrescens	3.373
K15342	16.933
K15342|g__Filifactor.s__Filifactor_alocis	2.146
K15342|g__Fusobacterium.s__Fusobacterium_nucleatum	8.785
K15342|g__Prevotella.s__Prevotella_nigrescens	6.002
K15580	2.611
K15580|g__Filifactor.s__Filifactor_alocis	2.611
K15581	1.217
K15581|g__Filifactor.s__Filifactor_alocis	1.217
K15582	3.544
K15582|g__Filifactor.s__Filifactor_alocis	3.544
K15583	1.053
K15583|g__Filifactor.s__Filifactor_alocis	1.053
K15584	1.329
K15584|g__Fusobacterium.s__Fusobacterium_nucleatum	1.329
K15633	7.037
K15633|g__Prevotella.s__Prevotella_nigrescens	7.037
K15634	1.898
K15634|g__Filifactor.s__Filifactor_alocis	1.898
K15726	8.149
K15726|unclassified	8.149
K15738	4.741
K15738|g__Prevotella.s__Prevotella_nigrescens	4.741
K15986	19.024
K15986|g__Fusobacterium.s__Fusobacterium_nucleatum	19.024
K15987	16.685
K15987|g__Fusobacterium.s__Fusobacterium_nucleatum	16.685
K16089	12.408
K16089|g__Prevotella.s__Prevotella_nigrescens	2.661
K16089|unclassified	9.747
K16345	1.608
K16345|g__Prevotella.s__Prevotella_nigrescens	1.608
K16363	13.554
K16363|g__Prevotella.s__Prevotella_nigrescens	5.43
K16363|unclassified	8.124
K16785	27.911
K16785|g__Filifactor.s__Filifactor_alocis	7.776
K16785|g__Fusobacterium.s__Fusobacterium_nucleatum	18.482
K16785|g__Gemella.s__Gemella_morbillorum	1.653
K16786	27.89
K16786|g__Fusobacterium.s__Fusobacterium_nucleatum	24.364
K16786|g__Gemella.s__Gemella_morbillorum	3.526
K16787	14.602
K16787|g__Fusobacterium.s__Fusobacterium_nucleatum	11.076
K16787|g__Gemella.s__Gemella_morbillorum	3.526
K16898	0.559
K16898|g__Filifactor.s__Filifactor_alocis	0.559
K16899	1.53
K16899|g__Filifactor.s__Filifactor_alocis	1.53
K16950	34.015
K16950|g__Fusobacterium.s__Fusobacterium_nucleatum	34.015
K17103	7.129
K17103|g__Fusobacterium.s__Fusobacterium_nucleatum	4.361
K17103|unclassified	2.768
K17716	11.918
K17716|g__Fusobacterium.s__Fusobacterium_nucleatum	11.918
K17828	24.439
K17828|g__Filifactor.s__Filifactor_alocis	1.232
K17828|g__Fusobacterium.s__Fusobacterium_nucleatum	20.735
K17828|g__Prevotella.s__Prevotella_nigrescens	2.472
K17836	11.513
K17836|g__Fusobacterium.s__Fusobacterium_nucleatum	11.513
K18011	10.116
K18011|g__Fusobacterium.s__Fusobacterium_nucleatum	10.116
K18012	19.18
K18012|g__Fusobacterium.s__Fusobacterium_nucleatum	19.18
K18013	4.19
K18013|g__Fusobacterium.s__Fusobacterium_nucleatum	4.19
K18014	20.906
K18014|g__Fusobacterium.s__Fusobacterium_nucleatum	20.906
K18122	14.069
K18122|g__Filifactor.s__Filifactor_alocis	4.139
K18122|g__Fusobacterium.s__Fusobacterium_nucleatum	9.93
K18220	15.331
K18220|g__Alloprevotella.s__Alloprevotella_tannerae	14.232
K18220|g__Gemella.s__Gemella_morbillorum	1.099
K18672	5.472
K18672|g__Filifactor.s__Filifactor_alocis	5.472
K18682	25.16
K18682|g__Filifactor.s__Filifactor_alocis	4.014
K18682|g__Fusobacterium.s__Fusobacterium_nucleatum	21.146
K18707	16.693
K18707|g__Filifactor.s__Filifactor_alocis	1.702
K18707|g__Fusobacterium.s__Fusobacterium_nucleatum	9.105
K18707|unclassified	5.886
K19068	15.845
K19068|g__Fusobacterium.s__Fusobacterium_nucleatum	15.845
K19075	4.957
K19075|g__Fusobacterium.s__Fusobacterium_nucleatum	4.957
K19091	9.317
K19091|g__Fusobacterium.s__Fusobacterium_nucleatum	9.317
K19114	3.626
K19114|g__Fusobacterium.s__Fusobacterium_nucleatum	3.626
K19116	9.235
K19116|g__Campylobacter.s__Campylobacter_showae	3.273
K19116|g__Fusobacterium.s__Fusobacterium_nucleatum	5.961
K19137	3.515
K19137|g__Filifactor.s__Filifactor_alocis	3.515
K19158	4.926
K19158|g__Fusobacterium.s__Fusobacterium_nucleatum	4.926
K19167	3.096
K19167|g__Fusobacterium.s__Fusobacterium_nucleatum	3.096
K19268	21.297
K19268|g__Fusobacterium.s__Fusobacterium_nucleatum	18.352
K19268|g__Prevotella.s__Prevotella_nigrescens	2.945
K19294	1.503
K19294|g__Filifactor.s__Filifactor_alocis	1.503
K19504	17.673
K19504|g__Fusobacterium.s__Fusobacterium_nucleatum	17.673
K19506	5.97
K19506|g__Fusobacterium.s__Fusobacterium_nucleatum	5.97
K19507	11.05
K19507|g__Fusobacterium.s__Fusobacterium_nucleatum	11.05
K19508	8.798
K19508|g__Fusobacterium.s__Fusobacterium_nucleatum	8.798
